GameID,LeagueIndex,Age,HoursPerWeek,HoursPerDay,TotalHours,APM
81,4,18,24,3.428571429,10,155.9856
97,3,18,12,1.714285714,10,67.4754
139,5,18,20,2.857142857,12,99.5088
144,6,18,70,10,12,267.5586
158,6,18,10,1.428571429,12,150.5004
161,3,18,8,1.142857143,16,41.9094
171,1,18,6,0.857142857,20,69.5076
194,6,18,20,2.857142857,20,108.5424
196,5,18,28,4,20,84.1578
203,6,18,28,4,20,129.1464
204,3,18,8,1.142857143,20,62.2194
226,4,18,6,0.857142857,20,107.4186
228,4,18,4,0.571428571,20,119.8716
229,5,18,24,3.428571429,21,111.8556
297,5,18,6,0.857142857,24,162.4398
388,6,18,10,1.428571429,25,166.902
426,3,18,24,3.428571429,25,83.376
436,3,18,12,1.714285714,25,78.825
511,4,18,16,2.285714286,26,125.832
531,6,18,14,2,30,135.3252
557,4,18,12,1.714285714,30,133.3434
608,6,18,42,6,30,70.7214
623,5,18,28,4,30,136.485
628,2,18,12,1.714285714,30,89.5368
632,5,18,10,1.428571429,30,141.735
655,5,18,28,4,30,128.9046
692,2,18,8,1.142857143,30,87.5064
694,2,18,28,4,30,73.02
735,2,18,20,2.857142857,30,96.3384
736,3,18,28,4,30,137.964
739,5,18,8,1.142857143,30,99.8766
746,5,18,20,2.857142857,30,105.147
762,4,18,10,1.428571429,35,58.947
787,5,18,28,4,36,139.9266
819,2,18,24,3.428571429,40,65.8302
842,6,18,12,1.714285714,40,193.3734
877,5,18,24,3.428571429,40,91.3014
891,2,18,8,1.142857143,40,89.8518
915,3,18,20,2.857142857,40,119.8566
928,4,18,10,1.428571429,40,48.5016
958,3,18,6,0.857142857,50,90.2904
1010,6,18,24,3.428571429,50,188.862
1070,5,18,24,3.428571429,50,95.6406
1091,3,18,20,2.857142857,50,62.0088
1093,2,18,20,2.857142857,50,84.024
1094,3,18,24,3.428571429,50,52.3524
1110,4,18,10,1.428571429,50,75.3276
1124,4,18,18,2.571428571,50,77.5416
1128,1,18,14,2,50,50.1
1132,3,18,12,1.714285714,50,64.77
1133,5,18,28,4,50,113.8716
1172,3,18,28,4,50,133.4148
1182,4,18,28,4,50,79.5828
1221,6,18,6,0.857142857,50,88.0428
1232,3,18,2,0.285714286,50,61.7034
1235,3,18,6,0.857142857,50,72.9252
1247,1,18,42,6,50,41.037
1275,2,18,8,1.142857143,50,122.1162
1309,6,18,28,4,50,142.3296
1352,6,18,28,4,50,286.5528
1403,5,18,14,2,50,143.574
1414,5,18,8,1.142857143,50,89.5218
1431,4,18,14,2,50,186.3234
1433,2,18,8,1.142857143,50,94.5504
1454,4,18,20,2.857142857,50,191.3154
1502,4,18,8,1.142857143,60,74.8782
1518,5,18,12,1.714285714,60,130.0014
1559,6,18,20,2.857142857,60,277.3212
1620,3,18,4,0.571428571,60,81.708
1621,4,18,8,1.142857143,60,116.0994
1634,1,18,4,0.571428571,60,82.6356
1664,5,18,24,3.428571429,60,91.8804
1686,5,18,2,0.285714286,60,121.4862
1742,5,18,14,2,60,81.147
1745,4,18,28,4,60,67.3962
1756,6,18,42,6,60,145.98
1758,6,18,16,2.285714286,60,169.8456
1763,4,18,12,1.714285714,60,122.8446
1770,3,18,10,1.428571429,60,54.1056
1774,2,18,12,1.714285714,65,133.2816
1780,5,18,18,2.571428571,70,144.9648
1793,4,18,14,2,70,166.299
1863,5,18,24,3.428571429,70,131.9376
1864,6,18,16,2.285714286,72,151.8066
1917,6,18,10,1.428571429,75,151.977
1925,4,18,42,6,75,67.0164
1927,5,18,10,1.428571429,75,135.7326
1983,4,18,12,1.714285714,75,108.2124
1988,7,18,24,3.428571429,75,172.3362
2020,5,18,16,2.285714286,75,108.3132
2055,5,18,28,4,75,145.8528
2092,6,18,10,1.428571429,75,106.02
2105,3,18,10,1.428571429,80,85.578
2153,2,18,6,0.857142857,80,74.733
2161,6,18,20,2.857142857,80,229.8018
2232,4,18,16,2.285714286,80,106.2804
2250,6,18,20,2.857142857,80,127.6164
2257,5,18,28,4,80,136.7316
2332,3,18,36,5.142857143,80,82.8966
2343,3,18,10,1.428571429,80,104.1048
2346,6,18,30,4.285714286,80,156.972
2441,6,18,20,2.857142857,80,124.7178
2442,2,18,2,0.285714286,80,78.2244
2465,4,18,28,4,80,95.0922
2472,3,18,10,1.428571429,88,99.705
2478,6,18,20,2.857142857,90,173.2314
2482,5,18,20,2.857142857,90,82.0194
2564,5,18,56,8,90,184.2078
2633,4,18,8,1.142857143,90,154.7022
2677,1,18,2,0.285714286,90,39.8712
2679,5,18,14,2,94,110.7012
2694,5,18,10,1.428571429,96,111.1386
2700,5,18,28,4,100,157.6536
2722,2,18,20,2.857142857,100,91.8954
2723,4,18,8,1.142857143,100,209.8026
2773,4,18,8,1.142857143,100,72.1902
2798,5,18,8,1.142857143,100,181.881
2813,3,18,6,0.857142857,100,52.9224
2820,3,18,20,2.857142857,100,79.6956
2947,4,18,2,0.285714286,100,73.7772
2973,4,18,10,1.428571429,100,113.2068
2988,1,18,24,3.428571429,100,46.5588
3012,2,18,28,4,100,94.2102
3015,5,18,8,1.142857143,100,58.101
3023,4,18,2,0.285714286,100,105.609
3061,1,18,8,1.142857143,100,84.5352
3070,4,18,12,1.714285714,100,85.224
3072,4,18,8,1.142857143,100,169.0749
3137,5,18,28,4,100,203.2734
3155,4,18,14,2,100,151.278
3179,5,18,28,4,100,149.7672
3235,4,18,30,4.285714286,100,105.7266
3244,5,18,28,4,100,173.874
3285,4,18,36,5.142857143,100,38.028
3333,5,18,20,2.857142857,100,116.6394
3348,4,18,10,1.428571429,100,89.6916
3408,2,18,8,1.142857143,100,71.3928
3454,4,18,56,8,100,131.3826
3461,5,18,24,3.428571429,100,131.898
3487,5,18,24,3.428571429,100,175.446
3551,3,18,28,4,100,76.083
3559,6,18,14,2,100,161.4576
3580,1,18,12,1.714285714,100,83.01
3610,3,18,42,6,100,95.6886
3684,3,18,12,1.714285714,100,102.1146
3720,2,18,14,2,100,64.9608
3757,6,18,6,0.857142857,100,178.2318
3769,4,18,16,2.285714286,100,99.591
3782,1,18,24,3.428571429,100,37.9656
3787,1,18,14,2,100,42.3318
3887,3,18,6,0.857142857,100,60.6852
3905,6,18,28,4,100,181.971
3927,1,18,20,2.857142857,100,41.8968
4008,5,18,28,4,100,98.2458
4012,2,18,28,4,100,79.4268
4050,5,18,36,5.142857143,100,99.1104
4081,3,18,14,2,100,129.174
4097,4,18,30,4.285714286,100,153.924
4114,6,18,12,1.714285714,100,92.2416
4122,6,18,18,2.571428571,100,70.5708
4133,3,18,20,2.857142857,100,85.1082
4136,3,18,10,1.428571429,100,61.7286
4162,3,18,12,1.714285714,100,80.0022
4175,6,18,20,2.857142857,100,180.4308
4183,2,18,10,1.428571429,100,46.5432
4227,2,18,8,1.142857143,100,119.2446
4370,3,18,16,2.285714286,100,71.6574
4374,4,18,4,0.571428571,100,105.096
4418,4,18,2,0.285714286,100,121.3452
4449,3,18,14,2,100,70.2402
4497,4,18,6,0.857142857,100,115.1304
4516,5,18,28,4,100,152.031
4520,3,18,12,1.714285714,100,75.5628
4570,2,18,28,4,100,57.201
4607,7,18,42,6,100,210.2112
4667,2,18,20,2.857142857,100,97.8126
4715,4,18,12,1.714285714,100,120.072
4719,5,18,12,1.714285714,100,103.3308
4735,6,18,28,4,100,177.2844
4737,4,18,8,1.142857143,100,56.286
4754,7,18,98,14,100,236.0316
4764,6,18,20,2.857142857,100,118.581
4789,2,18,12,1.714285714,100,54.8214
4818,5,18,36,5.142857143,100,154.8198
4827,5,18,10,1.428571429,100,158.205
4828,5,18,6,0.857142857,100,184.11
4884,3,18,12,1.714285714,100,74.9742
4924,4,18,10,1.428571429,100,78.0618
5091,5,18,56,8,100,106.8528
5098,3,18,24,3.428571429,105,81.8724
5101,4,18,12,1.714285714,110,101.6064
5136,5,18,24,3.428571429,110,180.0756
5140,5,18,24,3.428571429,110,281.4246
5159,5,18,8,1.142857143,110,161.3598
5168,5,18,8,1.142857143,120,139.0494
5173,4,18,6,0.857142857,120,108.6774
5199,3,18,2,0.285714286,120,75.2184
5224,5,18,14,2,120,184.6602
5233,4,18,16,2.285714286,120,122.523
5255,5,18,13,1.857142857,120,122.247
5303,6,18,42,6,120,181.6236
5323,1,18,28,4,120,49.7424
5325,5,18,8,1.142857143,120,112.9572
5393,4,18,6,0.857142857,120,114.0096
5395,6,18,24,3.428571429,120,168.201
5398,4,18,20,2.857142857,120,78.2226
5402,6,18,28,4,120,203.1504
5412,3,18,12,1.714285714,123,85.1244
5413,4,18,20,2.857142857,125,135.6042
5453,6,18,36,5.142857143,125,160.32
5561,6,18,10,1.428571429,125,146.2686
5622,2,18,8,1.142857143,130,85.9248
5629,5,18,28,4,130,86.0208
5666,3,18,10,1.428571429,130,43.1106
5704,5,18,6,0.857142857,130,144.675
5729,5,18,4,0.571428571,140,83.4336
5747,2,18,8,1.142857143,140,62.1354
5748,5,18,28,4,140,88.323
5788,6,18,12,1.714285714,140,183.1272
5840,4,18,28,4,140,102.786
5927,3,18,10,1.428571429,150,67.3992
5934,6,18,14,2,150,268.0194
5978,5,18,6,0.857142857,150,126.9762
6019,4,18,8,1.142857143,150,192.8466
6074,3,18,80,11.42857143,150,146.52
6149,5,18,30,4.285714286,150,145.5672
6180,3,18,8,1.142857143,150,122.7948
6198,6,18,8,1.142857143,150,168.7002
6345,5,18,4,0.571428571,150,145.1982
6364,4,18,28,4,150,118.404
6381,5,18,10,1.428571429,150,122.8458
6411,6,18,24,3.428571429,150,106.0614
6454,2,18,10,1.428571429,150,127.5114
6543,5,18,20,2.857142857,150,149.7492
6565,2,18,12,1.714285714,150,82.3914
6567,4,18,12,1.714285714,150,86.598
6625,4,18,14,2,150,143.682
6678,5,18,20,2.857142857,150,128.4498
6683,3,18,10,1.428571429,150,88.9056
6708,4,18,12,1.714285714,150,107.7774
6715,6,18,36,5.142857143,150,106.887
6720,5,18,28,4,150,116.7366
6728,2,18,8,1.142857143,150,105.9618
6770,1,18,6,0.857142857,150,35.2848
6853,2,18,6,0.857142857,150,64.5576
6854,3,18,20,2.857142857,150,97.623
6893,4,18,16,2.285714286,150,119.097
6947,4,18,28,4,150,97.9146
7038,4,18,10,1.428571429,150,90.6954
7086,2,18,10,1.428571429,150,71.5944
7116,5,18,24,3.428571429,150,102.5802
7124,4,18,42,6,150,97.5108
7128,5,18,2,0.285714286,150,140.94
7149,6,18,4,0.571428571,150,141.7302
7204,4,18,20,2.857142857,150,126.8016
7266,6,18,24,3.428571429,150,160.3662
7304,6,18,10,1.428571429,150,134.835
7320,4,18,10,1.428571429,150,133.4052
7351,6,18,70,10,150,202.3992
7367,5,18,24,3.428571429,150,112.692
7379,2,18,14,2,150,110.742
7384,6,18,12,1.714285714,150,192.282
7393,6,18,6,0.857142857,150,137.3178
7430,6,18,4,0.571428571,150,161.0358
7431,3,18,16,2.285714286,150,92.2134
7519,4,18,10,1.428571429,150,191.115
7569,5,18,42,6,150,108.0024
7575,5,18,10,1.428571429,150,190.323
7576,3,18,24,3.428571429,150,123.9654
7598,6,18,2,0.285714286,150,154.848
7602,4,18,20,2.857142857,150,129.2106
7633,6,18,6,0.857142857,150,134.652
7663,4,18,12,1.714285714,153,84.1884
7715,3,18,16,2.285714286,160,83.2962
7732,5,18,24,3.428571429,160,202.89
7771,5,18,28,4,160,106.752
7818,5,18,10,1.428571429,160,98.8128
7867,6,18,20,2.857142857,160,136.7148
7885,4,18,20,2.857142857,160,156.0378
7886,4,18,20,2.857142857,165,148.923
7956,5,18,28,4,170,139.827
7962,2,18,14,2,170,108.2226
7964,6,18,28,4,174,102.4656
7970,4,18,10,1.428571429,175,54.2802
7988,4,18,28,4,180,178.7328
8006,5,18,6,0.857142857,180,153.8304
8020,6,18,36,5.142857143,180,290.6184
8039,3,18,16,2.285714286,180,98.8422
8047,6,18,20,2.857142857,180,240.8034
8126,3,18,4,0.571428571,180,69.8706
8129,4,18,8,1.142857143,180,127.9752
8137,4,18,14,2,180,154.9362
8222,5,18,28,4,180,127.416
8294,5,18,56,8,180,133.5036
8295,5,18,42,6,180,153.8088
8331,4,18,28,4,180,98.1684
8338,2,18,28,4,196,93.6336
8353,4,18,12,1.714285714,200,68.8164
8354,4,18,24,3.428571429,200,121.7664
8379,2,18,28,4,200,145.4184
8431,2,18,20,2.857142857,200,90.8652
8454,2,18,10,1.428571429,200,63.1158
8460,4,18,14,2,200,83.5914
8468,6,18,42,6,200,137.1456
8482,4,18,6,0.857142857,200,123.0042
8570,5,18,28,4,200,99.9498
8581,2,18,12,1.714285714,200,94.185
8619,3,18,14,2,200,198.3906
8623,3,18,16,2.285714286,200,76.2204
8717,4,18,6,0.857142857,200,62.8572
8780,2,18,4,0.571428571,200,62.7888
8785,3,18,8,1.142857143,200,101.073
8845,3,18,18,2.571428571,200,82.0158
8924,3,18,8,1.142857143,200,97.7454
8941,2,18,24,3.428571429,200,64.8402
9012,3,18,20,2.857142857,200,52.8486
9022,4,18,32,4.571428571,200,117.7368
9116,5,18,10,1.428571429,200,126.1446
9124,5,18,16,2.285714286,200,372.6426
9126,6,18,14,2,200,211.2354
9143,4,18,8,1.142857143,200,56.097
9148,3,18,8,1.142857143,200,135.8496
9192,4,18,8,1.142857143,200,94.17
9208,3,18,28,4,200,73.4898
9223,5,18,14,2,200,233.4966
57,3,19,20,2.857142857,200,107.6016
160,3,19,6,0.857142857,200,64.6416
246,5,19,6,0.857142857,200,106.4316
301,5,19,14,2,200,117.4128
320,5,19,8,1.142857143,200,188.76
378,3,19,20,2.857142857,200,91.308
392,4,19,20,2.857142857,200,197.5674
396,3,19,28,4,200,99.2874
401,3,19,12,1.714285714,200,52.8438
407,5,19,14,2,200,144.6822
435,5,19,10,1.428571429,200,129.9594
442,4,19,6,0.857142857,200,88.1628
458,5,19,10,1.428571429,200,172.4688
475,4,19,6,0.857142857,200,62.1042
476,6,19,56,8,200,151.9794
480,6,19,12,1.714285714,200,133.884
535,4,19,24,3.428571429,200,85.0974
542,4,19,8,1.142857143,200,156.2238
590,1,19,16,2.285714286,200,60.4956
630,3,19,10,1.428571429,200,121.377
637,6,19,10,1.428571429,200,158.868
638,6,19,20,2.857142857,200,125.118
649,6,19,20,2.857142857,200,172.1688
685,4,19,8,1.142857143,200,125.103
701,2,19,20,2.857142857,200,119.073
716,4,19,10,1.428571429,200,64.7592
759,5,19,30,4.285714286,200,147.1572
780,3,19,28,4,200,86.1144
837,4,19,28,4,200,194.1858
888,5,19,20,2.857142857,200,161.0184
910,3,19,6,0.857142857,200,101.598
921,4,19,2,0.285714286,200,55.9674
970,6,19,10,1.428571429,200,104.1918
975,3,19,14,2,200,91.0182
987,4,19,6,0.857142857,200,90.2976
1021,5,19,2,0.285714286,200,117.1998
1033,2,19,8,1.142857143,200,66.093
1096,7,19,56,8,200,130.86
1127,2,19,6,0.857142857,200,57.7854
1141,1,19,10,1.428571429,200,61.6098
1164,6,19,28,4,200,116.7852
1237,3,19,20,2.857142857,200,61.875
1253,3,19,28,4,200,120.9294
1255,3,19,56,8,200,119.9976
1286,6,19,10,1.428571429,200,176.64
1302,4,19,16,2.285714286,200,96.2466
1333,6,19,28,4,200,161.4678
1340,4,19,6,0.857142857,200,156.1278
1351,4,19,10,1.428571429,200,133.911
1361,5,19,4,0.571428571,200,168.9216
1365,2,19,24,3.428571429,200,58.6338
1383,6,19,20,2.857142857,200,112.5
1408,3,19,42,6,200,220.0692
1498,4,19,12,1.714285714,200,106.524
1514,6,19,42,6,200,147.96
1551,5,19,10,1.428571429,200,124.7598
1555,6,19,16,2.285714286,200,208.7706
1564,4,19,6,0.857142857,200,130.0584
1580,1,19,8,1.142857143,200,104.4486
1583,5,19,20,2.857142857,200,142.251
1599,4,19,12,1.714285714,200,97.8444
1709,4,19,6,0.857142857,200,98.3154
1731,4,19,36,5.142857143,200,73.8144
1755,4,19,10,1.428571429,200,104.9094
1782,5,19,16,2.285714286,200,122.667
1861,6,19,36,5.142857143,200,130.1214
1901,5,19,8,1.142857143,200,78.8736
1939,5,19,10,1.428571429,200,132.2094
1944,4,19,8,1.142857143,200,66.9858
2001,5,19,36,5.142857143,200,133.8234
2029,7,19,28,4,200,234.7176
2048,4,19,28,4,200,194.3676
2099,3,19,24,3.428571429,200,115.3236
2138,2,19,12,1.714285714,200,64.1664
2147,5,19,8,1.142857143,200,117.2712
2170,4,19,20,2.857142857,200,159.2346
2188,7,19,56,8,200,129.9048
2229,2,19,12,1.714285714,200,60.426
2276,4,19,8,1.142857143,200,70.9998
2284,2,19,30,4.285714286,200,56.8998
2333,4,19,16,2.285714286,200,103.629
2341,4,19,4,0.571428571,200,75.7914
2348,5,19,10,1.428571429,200,131.5122
2412,5,19,12,1.714285714,200,91.7808
2421,4,19,16,2.285714286,200,73.3116
2430,6,19,36,5.142857143,200,184.6338
2433,4,19,20,2.857142857,208,108.4356
2435,6,19,28,4,216,168.96
2484,3,19,30,4.285714286,220,99.207
2518,5,19,20,2.857142857,220,136.7616
2521,6,19,56,8,220,186.2586
2522,5,19,16,2.285714286,220,183.4848
2526,6,19,24,3.428571429,220,132.9258
2572,5,19,20,2.857142857,220,117.318
2642,6,19,14,2,220,129.6288
2702,4,19,10,1.428571429,224,92.7486
2745,6,19,24,3.428571429,225,140.874
2769,5,19,14,2,225,109.7646
2825,4,19,8,1.142857143,230,50.838
2888,5,19,24,3.428571429,230,158.0754
2899,5,19,14,2,230,130.7874
2926,6,19,28,4,233,162.6486
2955,3,19,14,2,235,109.4916
2962,5,19,12,1.714285714,235,149.9052
2978,2,19,4,0.571428571,238,70.1142
3049,3,19,20,2.857142857,240,100.1742
3052,6,19,14,2,240,244.8762
3114,2,19,28,4,240,46.8024
3152,1,19,10,1.428571429,240,87.0408
3153,6,19,42,6,240,264.3282
3192,4,19,10,1.428571429,240,101.658
3309,4,19,24,3.428571429,250,119.1048
3310,3,19,20,2.857142857,250,59.6868
3444,5,19,4,0.571428571,250,107.1588
3473,6,19,70,10,250,95.0328
3514,6,19,30,4.285714286,250,196.3764
3590,4,19,10,1.428571429,250,134.0598
3612,2,19,8,1.142857143,250,38.8008
3635,3,19,12,1.714285714,250,107.3178
3678,2,19,20,2.857142857,250,98.4516
3680,6,19,14,2,250,122.034
3695,4,19,24,3.428571429,250,93.426
3738,2,19,6,0.857142857,250,58.515
3759,2,19,8,1.142857143,250,56.637
3783,3,19,6,0.857142857,250,99.2052
3816,4,19,24,3.428571429,250,121.9602
3842,6,19,10,1.428571429,250,183.2898
3844,5,19,12,1.714285714,250,173.0142
3875,3,19,20,2.857142857,250,91.7244
3896,4,19,2,0.285714286,250,142.6518
3897,2,19,10,1.428571429,250,48.7956
3900,5,19,20,2.857142857,250,145.7352
3968,4,19,12,1.714285714,250,74.8164
4035,5,19,20,2.857142857,250,138.4548
4095,4,19,16,2.285714286,250,128.0418
4104,6,19,28,4,250,168.4764
4113,5,19,16,2.285714286,250,108.5118
4129,3,19,16,2.285714286,250,80.3436
4140,3,19,20,2.857142857,250,90.9798
4150,2,19,10,1.428571429,250,94.032
4167,3,19,8,1.142857143,250,104.874
4244,6,19,12,1.714285714,250,180.1086
4259,2,19,14,2,250,79.641
4279,6,19,20,2.857142857,250,215.9556
4295,2,19,10,1.428571429,250,41.6328
4302,6,19,14,2,250,83.4444
4314,3,19,40,5.714285714,250,61.0182
4353,6,19,42,6,250,107.1708
4367,6,19,6,0.857142857,250,209.0562
4378,5,19,28,4,250,155.0352
4402,3,19,16,2.285714286,250,67.128
4422,4,19,12,1.714285714,250,98.5434
4488,4,19,30,4.285714286,250,88.7544
4489,4,19,6,0.857142857,250,132.33
4511,2,19,28,4,250,50.9904
4522,5,19,12,1.714285714,250,138.123
4532,5,19,24,3.428571429,250,165.8508
4544,6,19,42,6,250,158.241
4555,7,19,28,4,250,201.2946
4565,1,19,8,1.142857143,250,75.6618
4589,4,19,16,2.285714286,250,136.9578
4592,6,19,28,4,250,191.1366
4595,4,19,10,1.428571429,250,182.9292
4606,5,19,20,2.857142857,250,172.3968
4615,6,19,28,4,250,137.1354
4641,4,19,12,1.714285714,250,80.1648
4767,4,19,6,0.857142857,250,103.5516
4794,5,19,28,4,250,124.3494
4841,3,19,20,2.857142857,250,110.001
4900,3,19,28,4,255,127.0134
4901,2,19,24,3.428571429,256,83.487
4923,5,19,6,0.857142857,256,109.8264
4934,6,19,24,3.428571429,270,137.6646
4936,4,19,28,4,270,128.3844
4950,4,19,16,2.285714286,270,113.8716
4953,6,19,30,4.285714286,280,155.9346
5019,4,19,56,8,280,105.6948
5059,2,19,28,4,300,73.6314
5086,6,19,48,6.857142857,300,155.9874
5111,6,19,10,1.428571429,300,151.3002
5119,6,19,28,4,300,193.5474
5141,6,19,56,8,300,152.1792
5157,5,19,16,2.285714286,300,92.364
5175,3,19,28,4,300,91.713
5180,3,19,8,1.142857143,300,101.613
5200,3,19,28,4,300,145.332
5246,6,19,16,2.285714286,300,92.5428
5271,5,19,10,1.428571429,300,103.4796
5285,5,19,20,2.857142857,300,182.625
5333,6,19,14,2,300,134.586
5421,5,19,10,1.428571429,300,113.9034
5435,2,19,6,0.857142857,300,56.1102
5442,2,19,4,0.571428571,300,80.5524
5451,3,19,12,1.714285714,300,127.1154
5473,4,19,10,1.428571429,300,104.0328
5489,6,19,10,1.428571429,300,141.8994
5495,6,19,10,1.428571429,300,107.481
5508,3,19,12,1.714285714,300,67.6524
5519,6,19,24,3.428571429,300,184.35
5545,4,19,16,2.285714286,300,176.0322
5605,6,19,12,1.714285714,300,216.0318
5663,1,19,20,2.857142857,300,34.278
5784,1,19,4,0.571428571,300,68.4336
5804,3,19,2,0.285714286,300,67.6968
5823,6,19,42,6,300,186.3396
5828,6,19,28,4,300,203.1486
5829,3,19,14,2,300,98.2944
5833,1,19,14,2,300,50.5584
5873,1,19,16,2.285714286,300,65.9064
5901,5,19,6,0.857142857,300,234.9972
5905,5,19,6,0.857142857,300,108.3318
5998,5,19,4,0.571428571,300,100.3878
6000,6,19,12,1.714285714,300,170.1384
6070,3,19,8,1.142857143,300,118.9374
6071,5,19,10,1.428571429,300,151.203
6082,3,19,14,2,300,76.632
6099,4,19,10,1.428571429,300,172.5708
6164,6,19,12,1.714285714,300,86.9178
6167,6,19,12,1.714285714,300,173.9508
6219,2,19,16,2.285714286,300,79.2078
6226,5,19,12,1.714285714,300,137.292
6308,5,19,8,1.142857143,300,177.3408
6329,4,19,14,2,300,77.406
6369,3,19,12,1.714285714,300,75.0282
6371,3,19,12,1.714285714,300,46.9446
6442,5,19,16,2.285714286,300,177.4884
6456,4,19,8,1.142857143,300,52.311
6476,5,19,16,2.285714286,300,213.4776
6509,5,19,28,4,300,289.4268
6512,3,19,8,1.142857143,300,94.1136
6546,4,19,20,2.857142857,300,110.8896
6598,6,19,2,0.285714286,300,174.6954
6611,6,19,16,2.285714286,300,180.8538
6618,5,19,4,0.571428571,300,98.6058
6623,5,19,6,0.857142857,300,74.5506
6629,6,19,28,4,300,137.925
6653,5,19,24,3.428571429,300,76.1976
6658,6,19,16,2.285714286,300,215.9634
6672,4,19,8,1.142857143,300,64.1772
6687,6,19,20,2.857142857,300,202.3098
6696,6,19,20,2.857142857,300,127.458
6698,6,19,12,1.714285714,300,186.2046
6741,6,19,10,1.428571429,300,187.1862
6744,1,19,4,0.571428571,300,37.6506
6745,3,19,24,3.428571429,300,99.1626
6762,6,19,16,2.285714286,300,174.1194
6767,5,19,24,3.428571429,300,176.6268
6833,5,19,4,0.571428571,300,181.3902
6872,4,19,28,4,300,89.3526
6978,2,19,8,1.142857143,300,54.0606
7022,6,19,24,3.428571429,300,113.4858
7026,3,19,12,1.714285714,300,136.116
7028,6,19,10,1.428571429,300,200.268
7032,3,19,12,1.714285714,300,64.773
7098,3,19,6,0.857142857,300,103.0386
7210,4,19,24,3.428571429,300,140.0904
7334,4,19,28,4,300,102.4092
7372,4,19,12,1.714285714,300,132.1308
7387,5,19,28,4,300,150.5922
7471,6,19,20,2.857142857,300,169.1322
7494,4,19,8,1.142857143,300,75.0432
7571,6,19,14,2,300,223.8966
7604,5,19,10,1.428571429,300,88.5342
7609,6,19,12,1.714285714,300,198.8142
7636,4,19,16,2.285714286,300,165.582
7646,1,19,2,0.285714286,300,41.2572
7677,6,19,24,3.428571429,300,159.324
7681,5,19,24,3.428571429,300,90.435
7693,3,19,24,3.428571429,300,100.2066
7723,6,19,12,1.714285714,300,136.6374
7801,2,19,20,2.857142857,300,57.1536
7849,4,19,8,1.142857143,300,96.9822
7883,6,19,14,2,300,225.9114
7919,3,19,12,1.714285714,300,96.867
7935,3,19,12,1.714285714,300,140.1918
7971,3,19,12,1.714285714,300,125.2326
7989,5,19,28,4,300,134.2224
8023,5,19,4,0.571428571,300,132.8766
8055,6,19,28,4,300,155.8986
8066,4,19,14,2,300,166.6032
8135,4,19,6,0.857142857,300,85.2966
8182,5,19,20,2.857142857,300,96.7458
8218,2,19,10,1.428571429,300,69.4998
8229,6,19,2,0.285714286,300,124.899
8284,4,19,20,2.857142857,300,202.6992
8303,4,19,8,1.142857143,300,82.2612
8341,5,19,6,0.857142857,300,144.5262
8348,3,19,8,1.142857143,300,83.682
8351,2,19,12,1.714285714,300,91.3842
8364,4,19,4,0.571428571,300,113.6286
8411,4,19,10,1.428571429,300,80.8044
8416,2,19,14,2,300,99.2562
8479,5,19,16,2.285714286,300,132.462
8526,6,19,20,2.857142857,300,301.7682
8684,5,19,12,1.714285714,300,78.2106
8710,4,19,2,0.285714286,300,67.6584
8722,4,19,24,3.428571429,300,131.6514
8751,6,19,16,2.285714286,300,151.8054
8813,4,19,30,4.285714286,300,123.642
8849,1,19,14,2,300,47.2152
8900,5,19,6,0.857142857,300,134.4972
8966,5,19,6,0.857142857,300,112.6008
8975,2,19,14,2,300,76.164
9009,3,19,42,6,300,134.4354
9055,3,19,20,2.857142857,300,102.0114
9072,3,19,4,0.571428571,300,75.8022
9076,5,19,4,0.571428571,303,141.147
9081,5,19,16,2.285714286,310,90.8406
9184,2,19,20,2.857142857,312,86.0274
9206,2,19,20,2.857142857,315,62.394
9219,2,19,4,0.571428571,320,80.4
9228,3,19,20,2.857142857,320,49.047
9253,4,19,12,1.714285714,320,216.4782
77,4,20,14,2,325,117.4884
106,5,20,10,1.428571429,325,160.6464
169,6,20,14,2,330,162.0876
184,4,20,14,2,330,101.7864
209,3,20,6,0.857142857,333,72.141
240,6,20,16,2.285714286,334,127.6602
256,6,20,16,2.285714286,336,189.1506
305,6,20,28,4,340,195.1986
316,5,20,18,2.571428571,340,193.6086
422,2,20,6,0.857142857,350,61.7502
464,4,20,6,0.857142857,350,96.756
490,4,20,24,3.428571429,350,69.1764
509,6,20,24,3.428571429,350,135.414
568,5,20,10,1.428571429,350,114.8658
616,5,20,24,3.428571429,350,125.8662
683,4,20,28,4,350,110.1012
691,4,20,12,1.714285714,350,73.5696
712,4,20,8,1.142857143,350,130.1964
713,3,20,20,2.857142857,350,133.8408
722,5,20,42,6,350,175.92
723,5,20,2,0.285714286,350,107.1972
732,3,20,10,1.428571429,350,55.4748
754,2,20,10,1.428571429,350,43.3884
771,1,20,4,0.571428571,350,44.0304
788,6,20,12,1.714285714,350,169.0608
818,4,20,30,4.285714286,350,91.1646
841,4,20,8,1.142857143,350,109.968
849,6,20,6,0.857142857,350,116.1894
866,3,20,6,0.857142857,350,61.467
941,5,20,8,1.142857143,350,102.8466
997,4,20,24,3.428571429,350,116.7888
998,4,20,10,1.428571429,350,99.3978
1004,4,20,28,4,350,57.0798
1009,5,20,40,5.714285714,350,84.7086
1023,4,20,4,0.571428571,350,84.9
1061,4,20,8,1.142857143,350,115.488
1105,6,20,42,6,350,86.5962
1118,4,20,8,1.142857143,350,72.4332
1143,4,20,20,2.857142857,350,89.091
1154,3,20,20,2.857142857,350,66.8904
1169,4,20,24,3.428571429,350,151.6686
1240,3,20,24,3.428571429,350,137.3052
1285,6,20,20,2.857142857,350,190.5678
1336,5,20,4,0.571428571,350,139.5132
1348,6,20,12,1.714285714,350,102.0174
1366,1,20,14,2,350,96.7374
1390,5,20,24,3.428571429,350,148.6884
1413,3,20,10,1.428571429,350,45.5952
1417,4,20,20,2.857142857,350,102.7356
1422,5,20,8,1.142857143,350,104.3286
1447,1,20,28,4,350,72.591
1468,5,20,10,1.428571429,350,140.001
1482,4,20,14,2,350,156.1176
1521,3,20,10,1.428571429,350,123.8316
1542,4,20,10,1.428571429,350,124.6932
1543,4,20,12,1.714285714,350,111.9798
1562,6,20,20,2.857142857,360,149.13
1566,4,20,24,3.428571429,360,86.2686
1605,5,20,10,1.428571429,360,182.1372
1611,2,20,10,1.428571429,360,127.8924
1653,5,20,8,1.142857143,360,127.1574
1655,6,20,30,4.285714286,360,89.358
1663,6,20,6,0.857142857,360,130.2762
1696,6,20,28,4,365,104.4786
1769,5,20,24,3.428571429,365,175.5354
1775,5,20,6,0.857142857,365,110.7558
1862,2,20,4,0.571428571,365,94.2618
1876,2,20,20,2.857142857,400,74.5098
1924,5,20,14,2,400,96.897
1949,6,20,6,0.857142857,400,101.0706
1969,3,20,12,1.714285714,400,52.2006
2013,1,20,20,2.857142857,400,100.518
2045,4,20,6,0.857142857,400,78.7764
2082,4,20,48,6.857142857,400,83.0166
2091,4,20,2,0.285714286,400,66.9522
2162,4,20,20,2.857142857,400,123.9924
2186,4,20,50,7.142857143,400,109.3722
2198,6,20,56,8,400,144.381
2211,6,20,10,1.428571429,400,118.7484
2224,5,20,4,0.571428571,400,113.613
2317,4,20,30,4.285714286,400,106.068
2323,4,20,2,0.285714286,400,136.6464
2392,5,20,6,0.857142857,400,155.5416
2404,3,20,8,1.142857143,400,78.525
2424,5,20,20,2.857142857,400,175.2834
2449,2,20,16,2.285714286,400,56.5518
2487,3,20,8,1.142857143,400,65.9718
2499,3,20,20,2.857142857,400,119.1078
2531,6,20,28,4,400,230.0214
2532,5,20,28,4,400,99.5286
2541,6,20,28,4,400,136.3812
2592,5,20,28,4,400,186.4278
2614,4,20,24,3.428571429,400,174.627
2622,5,20,12,1.714285714,400,91.773
2652,6,20,20,2.857142857,400,187.6308
2655,4,20,6,0.857142857,400,93.567
2670,6,20,24,3.428571429,400,156.5256
2682,6,20,28,4,400,193.8072
2697,6,20,8,1.142857143,400,241.992
2726,4,20,6,0.857142857,400,61.9542
2727,2,20,12,1.714285714,400,103.2642
2735,4,20,12,1.714285714,400,71.7912
2772,6,20,12,1.714285714,400,213.3366
2833,6,20,24,3.428571429,400,206.6238
2834,5,20,8,1.142857143,400,111.2382
2867,5,20,20,2.857142857,400,98.4912
2920,6,20,20,2.857142857,400,134.61
2928,4,20,6,0.857142857,400,80.8956
3044,1,20,10,1.428571429,400,48.1542
3046,5,20,8,1.142857143,400,109.7706
3081,5,20,20,2.857142857,400,254.5392
3118,4,20,56,8,400,106.2648
3131,4,20,8,1.142857143,400,93.4368
3181,3,20,10,1.428571429,400,142.1322
3182,5,20,12,1.714285714,400,163.0764
3248,2,20,4,0.571428571,400,73.0272
3281,4,20,14,2,400,140.3412
3321,3,20,16,2.285714286,400,65.6376
3344,1,20,20,2.857142857,400,60.0696
3345,3,20,4,0.571428571,400,62.0796
3356,3,20,6,0.857142857,400,139.575
3367,5,20,10,1.428571429,400,60.6252
3368,6,20,10,1.428571429,400,187.1844
3385,4,20,10,1.428571429,400,82.8816
3428,1,20,10,1.428571429,400,38.3322
3539,1,20,8,1.142857143,400,76.308
3540,4,20,28,4,400,121.9068
3554,4,20,6,0.857142857,400,71.274
3565,3,20,6,0.857142857,400,58.4388
3599,4,20,28,4,400,175.8858
3604,6,20,8,1.142857143,400,115.0548
3752,1,20,10,1.428571429,400,66.102
3764,1,20,16,2.285714286,400,78.2736
3773,1,20,8,1.142857143,400,49.7838
3790,3,20,16,2.285714286,400,100.659
3795,5,20,24,3.428571429,400,150.7788
3809,4,20,20,2.857142857,400,75.9204
3843,1,20,24,3.428571429,400,65.7948
3880,1,20,4,0.571428571,400,85.2954
3901,3,20,20,2.857142857,400,78.0456
3912,3,20,8,1.142857143,400,55.4574
3935,4,20,16,2.285714286,400,113.6976
3942,4,20,28,4,400,107.769
3986,6,20,20,2.857142857,400,146.7144
4029,2,20,8,1.142857143,400,91.5666
4071,3,20,8,1.142857143,400,45.3858
4151,2,20,8,1.142857143,400,71.025
4160,5,20,30,4.285714286,400,162.3726
4161,3,20,16,2.285714286,400,56.025
4181,4,20,16,2.285714286,400,74.2608
4188,4,20,6,0.857142857,400,117.7086
4229,3,20,24,3.428571429,400,89.106
4256,6,20,36,5.142857143,400,109.8012
4258,2,20,28,4,400,77.5758
4267,3,20,20,2.857142857,400,74.2356
4312,3,20,10,1.428571429,400,86.0328
4319,6,20,14,2,400,164.9736
4338,6,20,42,6,400,143.4318
4339,5,20,10,1.428571429,400,123.9672
4341,4,20,10,1.428571429,400,69.5274
4350,4,20,14,2,400,79.8138
4391,2,20,6,0.857142857,400,90.081
4468,6,20,42,6,400,136.167
4472,4,20,8,1.142857143,400,143.5698
4504,2,20,10,1.428571429,400,57.9918
4512,4,20,6,0.857142857,400,111.6
4514,4,20,6,0.857142857,400,99.8886
4553,4,20,8,1.142857143,400,64.2222
4580,4,20,12,1.714285714,400,156.7194
4583,6,20,6,0.857142857,400,106.7598
4594,4,20,10,1.428571429,400,60.2832
4599,3,20,28,4,400,116.5722
4609,6,20,36,5.142857143,400,198.0822
4670,4,20,10,1.428571429,400,141.7512
4678,4,20,18,2.571428571,400,85.7778
4686,4,20,18,2.571428571,400,93.306
4740,4,20,20,2.857142857,400,135.4632
4756,5,20,6,0.857142857,400,156.7806
4770,4,20,6,0.857142857,400,95.5632
4778,3,20,2,0.285714286,400,92.4972
4783,6,20,14,2,400,157.3128
4791,6,20,6,0.857142857,400,149.6046
4860,6,20,2,0.285714286,400,114.318
4914,4,20,20,2.857142857,400,75.207
4985,2,20,30,4.285714286,400,132.7158
4995,6,20,10,1.428571429,400,145.1844
5058,4,20,16,2.285714286,400,96.3216
5060,1,20,28,4,400,139.6362
5071,5,20,20,2.857142857,400,118.4664
5094,3,20,16,2.285714286,400,65.1576
5121,5,20,4,0.571428571,400,143.337
5135,4,20,10,1.428571429,400,106.8774
5194,6,20,42,6,400,202.0128
5207,4,20,10,1.428571429,400,186.8004
5227,6,20,20,2.857142857,400,138.3864
5262,5,20,28,4,400,97.2672
5272,5,20,16,2.285714286,400,166.4838
5302,3,20,10,1.428571429,400,118.551
5309,4,20,8,1.142857143,400,123.2898
5326,1,20,20,2.857142857,400,73.2594
5336,4,20,10,1.428571429,400,62.7834
5367,6,20,24,3.428571429,400,104.139
5384,4,20,14,2,400,206.838
5461,3,20,12,1.714285714,400,69.6228
5464,4,20,8,1.142857143,400,156.8004
5491,5,20,4,0.571428571,400,108.8298
5497,5,20,10,1.428571429,400,129.2286
5517,5,20,6,0.857142857,400,157.8264
5522,5,20,6,0.857142857,400,94.986
5557,4,20,12,1.714285714,400,82.7184
5623,4,20,10,1.428571429,400,137.1996
5634,5,20,16,2.285714286,400,131.0622
5674,2,20,12,1.714285714,400,132.3936
5698,4,20,28,4,400,99.6072
5764,5,20,12,1.714285714,400,126.27
5768,6,20,30,4.285714286,400,240.5196
5777,1,20,8,1.142857143,400,73.7214
5796,6,20,10,1.428571429,400,99.4914
5798,5,20,10,1.428571429,410,62.2026
5799,6,20,14,2,415,283.3254
5805,5,20,10,1.428571429,415,169.9674
5807,1,20,2,0.285714286,416,48.174
5811,6,20,24,3.428571429,420,221.2698
5860,6,20,6,0.857142857,420,118.983
5882,6,20,10,1.428571429,420,69.006
5968,6,20,20,2.857142857,420,188.1816
5983,6,20,30,4.285714286,425,186.1218
6047,5,20,2,0.285714286,430,117.7332
6068,6,20,28,4,430,158.8896
6083,5,20,16,2.285714286,433,158.0088
6120,5,20,10,1.428571429,450,130.764
6156,4,20,12,1.714285714,450,106.554
6159,5,20,12,1.714285714,450,131.7144
6182,6,20,28,4,450,252.3096
6218,6,20,16,2.285714286,450,155.5842
6237,1,20,12,1.714285714,450,172.953
6245,5,20,24,3.428571429,450,139.6056
6253,3,20,4,0.571428571,450,136.8276
6265,4,20,6,0.857142857,450,137.5104
6282,6,20,28,4,450,173.8164
6316,1,20,16,2.285714286,450,35.4252
6321,5,20,24,3.428571429,450,116.7822
6343,5,20,24,3.428571429,450,207.5778
6344,2,20,6,0.857142857,450,72.5826
6351,3,20,6,0.857142857,450,114.2166
6397,5,20,42,6,450,130.716
6425,4,20,4,0.571428571,450,135.2568
6431,3,20,40,5.714285714,450,129.2226
6434,3,20,16,2.285714286,450,75.3984
6441,3,20,8,1.142857143,450,155.2386
6453,4,20,4,0.571428571,450,123.7398
6484,5,20,8,1.142857143,450,88.0626
6495,4,20,6,0.857142857,450,123.1716
6517,6,20,42,6,450,147.9276
6518,6,20,8,1.142857143,450,247.0164
6560,5,20,14,2,450,173.9916
6615,5,20,10,1.428571429,450,129.1194
6645,5,20,12,1.714285714,450,231.7392
6664,6,20,28,4,450,135.492
6693,2,20,6,0.857142857,450,46.8324
6711,5,20,28,4,450,151.7322
6757,6,20,42,6,450,220.701
6792,5,20,20,2.857142857,450,198.7848
6793,6,20,28,4,450,244.7916
6798,4,20,20,2.857142857,450,115.9842
6857,4,20,20,2.857142857,450,117.198
6901,3,20,20,2.857142857,450,89.7528
6965,4,20,20,2.857142857,450,110.3352
6980,6,20,6,0.857142857,450,275.7342
6996,6,20,28,4,450,298.5594
7011,6,20,20,2.857142857,450,190.5402
7017,4,20,8,1.142857143,450,100.0902
7023,6,20,10,1.428571429,450,145.995
7072,6,20,24,3.428571429,450,239.3442
7107,6,20,10,1.428571429,450,153.564
7119,6,20,42,6,450,163.6314
7129,6,20,24,3.428571429,450,169.7904
7212,6,20,6,0.857142857,450,271.4262
7239,6,20,20,2.857142857,450,147.8538
7253,4,20,10,1.428571429,450,93.8982
7259,5,20,48,6.857142857,450,91.3914
7325,5,20,28,4,450,126.015
7339,6,20,20,2.857142857,450,88.8582
7368,6,20,10,1.428571429,450,194.1546
7377,5,20,2,0.285714286,450,122.9772
7424,6,20,28,4,450,122.4426
7434,4,20,16,2.285714286,450,141.3726
7446,4,20,14,2,450,115.002
7464,1,20,24,3.428571429,450,67.9392
7493,6,20,24,3.428571429,450,116.5674
7611,5,20,8,1.142857143,450,185.889
7614,4,20,10,1.428571429,450,121.1148
7627,5,20,28,4,450,171.3756
7661,5,20,10,1.428571429,450,86.0322
7667,5,20,24,3.428571429,450,77.3274
7718,5,20,28,4,450,138.5826
7727,6,20,8,1.142857143,465,164.346
7728,3,20,6,0.857142857,470,61.314
7774,4,20,12,1.714285714,480,117.111
7853,3,20,12,1.714285714,480,110.7282
7863,4,20,20,2.857142857,480,109.8432
7870,5,20,8,1.142857143,480,123.3264
7898,6,20,28,4,480,214.4652
7923,3,20,28,4,500,83.8716
7934,2,20,20,2.857142857,500,67.2546
7939,4,20,8,1.142857143,500,149.3934
7974,2,20,10,1.428571429,500,61.0146
7993,3,20,6,0.857142857,500,83.9088
8018,5,20,8,1.142857143,500,108.4212
8095,2,20,10,1.428571429,500,98.7942
8134,3,20,10,1.428571429,500,68.139
8140,3,20,42,6,500,59.664
8147,6,20,24,3.428571429,500,109.3782
8155,4,20,2,0.285714286,500,112.2516
8160,5,20,12,1.714285714,500,172.7046
8202,2,20,14,2,500,104.8392
8208,1,20,30,4.285714286,500,80.1444
8350,6,20,20,2.857142857,500,130.3464
8358,4,20,24,3.428571429,500,144.0828
8384,4,20,4,0.571428571,500,50.9112
8406,4,20,10,1.428571429,500,158.7516
8408,2,20,10,1.428571429,500,81.7656
8476,6,20,20,2.857142857,500,166.0308
8497,2,20,6,0.857142857,500,179.625
8550,6,20,16,2.285714286,500,208.7646
8560,6,20,36,5.142857143,500,174.0006
8573,5,20,28,4,500,225.9846
8589,5,20,28,4,500,163.6674
8593,4,20,6,0.857142857,500,125.8266
8603,3,20,10,1.428571429,500,73.6074
8607,5,20,8,1.142857143,500,81.2796
8613,5,20,24,3.428571429,500,114.2334
8630,5,20,24,3.428571429,500,108.012
8632,6,20,28,4,500,153.7362
8638,5,20,6,0.857142857,500,123.393
8639,6,20,24,3.428571429,500,248.3346
8754,5,20,40,5.714285714,500,163.1166
8784,5,20,8,1.142857143,500,85.8636
8790,6,20,6,0.857142857,500,163.8978
8800,2,20,6,0.857142857,500,54.3408
8812,3,20,10,1.428571429,500,143.121
8841,5,20,20,2.857142857,500,148.2606
8889,6,20,12,1.714285714,500,159.3618
8982,4,20,12,1.714285714,500,157.8408
9024,4,20,10,1.428571429,500,90.7542
9033,5,20,4,0.571428571,500,137.061
9044,2,20,16,2.285714286,500,92.1876
9048,3,20,12,1.714285714,500,87.0168
9063,4,20,28,4,500,102.8022
9068,4,20,20,2.857142857,500,56.5296
9118,4,20,10,1.428571429,500,110.9574
9121,6,20,40,5.714285714,500,193.692
9132,3,20,10,1.428571429,500,77.694
9160,1,20,12,1.714285714,500,51.6534
9246,6,20,20,2.857142857,500,152.1852
9261,4,20,8,1.142857143,500,158.139
9270,3,20,28,4,500,134.2848
61,1,21,8,1.142857143,500,46.9962
132,5,21,10,1.428571429,500,115.1274
138,6,21,6,0.857142857,500,133.7016
219,6,21,8,1.142857143,500,130.941
265,5,21,10,1.428571429,500,77.7252
280,4,21,16,2.285714286,500,109.4994
299,5,21,20,2.857142857,500,111.0876
357,7,21,24,3.428571429,500,286.4538
361,6,21,10,1.428571429,500,178.368
389,4,21,12,1.714285714,500,89.9394
394,5,21,12,1.714285714,500,166.5636
400,6,21,24,3.428571429,500,130.5
449,3,21,2,0.285714286,500,37.2018
457,5,21,8,1.142857143,500,169.3164
570,4,21,4,0.571428571,500,86.7318
581,5,21,8,1.142857143,500,120.9714
604,3,21,10,1.428571429,500,68.1486
611,6,21,42,6,500,143.7696
631,6,21,16,2.285714286,500,187.4826
645,2,21,16,2.285714286,500,101.6526
666,5,21,28,4,500,85.395
699,1,21,10,1.428571429,500,86.2812
720,5,21,16,2.285714286,500,105.6162
774,3,21,10,1.428571429,500,95.8032
776,2,21,18,2.571428571,500,77.3832
793,2,21,10,1.428571429,500,73.6266
865,4,21,12,1.714285714,500,69.9006
887,5,21,6,0.857142857,500,85.7514
892,6,21,28,4,500,118.8882
993,5,21,16,2.285714286,500,115.2306
1029,2,21,8,1.142857143,500,84.2382
1111,4,21,6,0.857142857,500,74.2986
1167,4,21,16,2.285714286,500,132.7152
1179,6,21,4,0.571428571,500,168.3252
1211,6,21,14,2,500,135.975
1277,6,21,20,2.857142857,500,156.1536
1281,5,21,42,6,500,93.3894
1299,4,21,8,1.142857143,500,52.3392
1310,4,21,10,1.428571429,500,126.1386
1318,4,21,6,0.857142857,500,73.0668
1364,4,21,16,2.285714286,500,66.8184
1380,2,21,10,1.428571429,500,68.6868
1399,5,21,28,4,500,126.4902
1402,5,21,12,1.714285714,500,104.3202
1411,6,21,16,2.285714286,500,199.6008
1455,5,21,20,2.857142857,500,154.0044
1541,6,21,10,1.428571429,500,114.384
1568,5,21,6,0.857142857,500,143.6058
1576,5,21,20,2.857142857,500,126
1589,4,21,10,1.428571429,500,94.6278
1606,5,21,20,2.857142857,500,89.0472
1623,5,21,10,1.428571429,500,138.0774
1648,1,21,20,2.857142857,500,44.1438
1661,4,21,10,1.428571429,500,100.4556
1681,6,21,8,1.142857143,500,169.98
1692,3,21,12,1.714285714,500,68.1282
1784,4,21,8,1.142857143,500,86.139
1824,6,21,10,1.428571429,500,152.8692
1858,6,21,28,4,500,168.9336
1913,2,21,6,0.857142857,500,75.5562
1914,4,21,12,1.714285714,500,127.9884
1937,5,21,20,2.857142857,500,122.232
1966,2,21,18,2.571428571,500,46.4196
1991,5,21,8,1.142857143,500,121.26
2012,2,21,4,0.571428571,500,64.2906
2014,5,21,30,4.285714286,500,68.2158
2040,5,21,12,1.714285714,500,123.204
2070,6,21,10,1.428571429,500,138.2934
2110,5,21,10,1.428571429,500,112.6914
2176,5,21,20,2.857142857,500,106.4364
2183,6,21,12,1.714285714,500,178.8606
2195,5,21,16,2.285714286,500,93.4458
2209,4,21,30,4.285714286,500,161.3964
2226,4,21,12,1.714285714,500,162.0864
2306,5,21,8,1.142857143,500,67.869
2367,5,21,2,0.285714286,500,65.238
2373,3,21,8,1.142857143,500,96.3282
2384,6,21,20,2.857142857,500,170.7486
2495,4,21,8,1.142857143,500,130.9572
2539,5,21,16,2.285714286,500,103.1706
2545,5,21,16,2.285714286,500,173.0568
2549,6,21,36,5.142857143,500,164.5494
2557,2,21,14,2,500,82.374
2563,3,21,4,0.571428571,500,59.3184
2584,4,21,4,0.571428571,500,66.3678
2602,5,21,6,0.857142857,500,111.5274
2656,5,21,12,1.714285714,500,147.588
2666,6,21,20,2.857142857,500,178.2396
2712,3,21,2,0.285714286,500,72.5712
2713,4,21,16,2.285714286,500,96.4116
2719,5,21,28,4,500,144.4626
2721,3,21,20,2.857142857,500,88.0062
2758,6,21,24,3.428571429,500,155.502
2824,6,21,12,1.714285714,500,119.499
2826,5,21,28,4,500,131.4936
2900,6,21,28,4,500,178.3326
2906,6,21,28,4,500,103.8936
2936,5,21,20,2.857142857,500,109.8738
3024,4,21,16,2.285714286,500,96.3294
3031,1,21,8,1.142857143,500,47.9412
3059,3,21,10,1.428571429,500,62.9298
3062,3,21,8,1.142857143,500,93.0348
3074,6,21,28,4,500,149.2314
3101,6,21,10,1.428571429,500,130.2642
3105,3,21,24,3.428571429,500,61.4232
3125,7,21,8,1.142857143,500,157.6344
3127,3,21,6,0.857142857,500,111.5712
3144,5,21,12,1.714285714,500,129.0774
3227,4,21,8,1.142857143,500,116.3022
3231,4,21,10,1.428571429,500,130.4664
3233,6,21,20,2.857142857,500,115.8912
3234,4,21,6,0.857142857,500,103.6962
3263,4,21,6,0.857142857,500,86.523
3287,1,21,16,2.285714286,500,94.9017
3323,4,21,8,1.142857143,500,62.085
3350,4,21,16,2.285714286,500,101.9682
3369,6,21,50,7.142857143,500,173.5944
3401,6,21,42,6,500,139.9986
3488,4,21,10,1.428571429,500,79.827
3578,5,21,10,1.428571429,500,103.863
3643,4,21,10,1.428571429,500,105.3642
3651,6,21,28,4,500,65.373
3723,2,21,10,1.428571429,500,66.3108
3749,5,21,12,1.714285714,500,167.6562
3755,5,21,20,2.857142857,500,147.7992
3761,4,21,12,1.714285714,500,69.5874
3802,6,21,42,6,500,197.1924
3834,3,21,8,1.142857143,500,121.3626
3866,4,21,24,3.428571429,500,79.1232
3883,4,21,20,2.857142857,500,87.8604
3884,6,21,20,2.857142857,500,141.6486
3894,6,21,14,2,500,192.474
3945,5,21,10,1.428571429,500,98.1318
3988,2,21,20,2.857142857,500,63.465
4017,5,21,20,2.857142857,500,131.6646
4019,5,21,12,1.714285714,500,102.5922
4039,4,21,6,0.857142857,500,58.4118
4068,6,21,10,1.428571429,500,87.5178
4198,2,21,10,1.428571429,500,61.6782
4200,4,21,12,1.714285714,500,102.5838
4283,1,21,20,2.857142857,500,47.1678
4285,4,21,18,2.571428571,500,113.8398
4291,3,21,12,1.714285714,500,70.6056
4383,3,21,6,0.857142857,500,114.288
4396,2,21,10,1.428571429,500,51.0048
4410,4,21,24,3.428571429,500,124.6182
4421,2,21,10,1.428571429,500,70.3086
4465,6,21,8,1.142857143,500,190.5816
4500,4,21,42,6,500,54.8208
4534,6,21,8,1.142857143,500,128.784
4619,6,21,16,2.285714286,500,132.243
4621,3,21,12,1.714285714,500,72.144
4626,6,21,42,6,500,89.2776
4629,6,21,28,4,500,237.219
4638,6,21,24,3.428571429,500,208.9446
4648,5,21,8,1.142857143,500,99.0798
4665,3,21,12,1.714285714,500,75.8286
4694,4,21,24,3.428571429,500,103.5588
4700,4,21,28,4,500,152.8224
4713,4,21,16,2.285714286,500,91.8636
4718,5,21,14,2,500,157.6254
4727,4,21,10,1.428571429,500,76.7946
4742,3,21,20,2.857142857,500,94.0512
4776,5,21,28,4,500,138.0186
4808,6,21,12,1.714285714,500,130.2246
4817,6,21,140,20,520,197.7774
4836,5,21,10,1.428571429,530,142.1496
4867,4,21,6,0.857142857,540,122.2782
4920,6,21,8,1.142857143,540,149.5446
4929,5,21,10,1.428571429,546,71.1462
4943,1,21,8,1.142857143,548,69.7926
4948,5,21,24,3.428571429,550,144.072
5115,4,21,2,0.285714286,550,67.8018
5131,5,21,42,6,550,101.547
5133,5,21,8,1.142857143,550,102.6612
5153,2,21,20,2.857142857,550,83.4846
5163,3,21,20,2.857142857,550,116.1258
5170,6,21,14,2,550,323.2506
5235,5,21,4,0.571428571,550,121.992
5256,4,21,24,3.428571429,550,114.8046
5268,6,21,16,2.285714286,550,215.1456
5304,1,21,12,1.714285714,550,62.004
5315,6,21,30,4.285714286,550,133.932
5342,5,21,30,4.285714286,550,174.654
5354,3,21,8,1.142857143,550,96.6828
5365,6,21,12,1.714285714,550,127.584
5386,5,21,4,0.571428571,550,190.2912
5390,3,21,10,1.428571429,550,95.5446
5403,6,21,8,1.142857143,550,156.4614
5407,6,21,56,8,550,142.4454
5439,5,21,28,4,551,215.6448
5504,5,21,20,2.857142857,553,113.85
5535,3,21,36,5.142857143,560,118.1028
5541,3,21,12,1.714285714,560,67.4568
5551,5,21,10,1.428571429,575,113.7714
5566,4,21,24,3.428571429,600,171.9984
5571,5,21,6,0.857142857,600,112.1898
5576,4,21,12,1.714285714,600,101.5134
5644,6,21,16,2.285714286,600,192.6942
5649,5,21,6,0.857142857,600,126.0846
5654,2,21,20,2.857142857,600,86.6694
5658,6,21,12,1.714285714,600,134.421
5673,4,21,12,1.714285714,600,216.4152
5692,6,21,20,2.857142857,600,169.6308
5713,5,21,6,0.857142857,600,195.7626
5737,3,21,12,1.714285714,600,81.9276
5751,4,21,6,0.857142857,600,124.1958
5765,2,21,8,1.142857143,600,71.6754
5781,3,21,30,4.285714286,600,86.1066
5856,6,21,30,4.285714286,600,201.7314
5861,4,21,6,0.857142857,600,97.0002
5877,5,21,2,0.285714286,600,75.3972
5911,4,21,20,2.857142857,600,84.3522
5943,5,21,10,1.428571429,600,85.9692
5954,4,21,4,0.571428571,600,99.7878
5962,6,21,10,1.428571429,600,105.3912
5970,4,21,40,5.714285714,600,112.3794
5987,6,21,8,1.142857143,600,178.8738
6004,5,21,10,1.428571429,600,160.0782
6039,6,21,28,4,600,176.8704
6046,6,21,14,2,600,160.0704
6079,6,21,14,2,600,133.2012
6109,5,21,10,1.428571429,600,133.719
6111,6,21,24,3.428571429,600,123.6084
6126,6,21,28,4,600,232.4004
6160,5,21,20,2.857142857,600,88.2372
6177,7,21,6,0.857142857,600,115.7556
6189,3,21,8,1.142857143,600,102.195
6224,3,21,24,3.428571429,600,89.4918
6323,4,21,6,0.857142857,600,50.7108
6327,6,21,42,6,600,202.4922
6380,4,21,8,1.142857143,600,106.6218
6421,5,21,16,2.285714286,600,128.9532
6483,2,21,4,0.571428571,600,68.3628
6507,3,21,6,0.857142857,600,79.6548
6510,4,21,20,2.857142857,600,108.9282
6511,3,21,20,2.857142857,600,107.4774
6609,3,21,10,1.428571429,600,96.951
6638,5,21,20,2.857142857,600,113.139
6663,6,21,28,4,600,208.2102
6709,4,21,20,2.857142857,600,113.3142
6732,2,21,4,0.571428571,600,53.937
6747,3,21,6,0.857142857,600,92.2962
6778,5,21,10,1.428571429,600,95.2212
6797,6,21,12,1.714285714,600,151.7886
6836,5,21,4,0.571428571,600,144.33
6840,3,21,12,1.714285714,600,106.6656
6882,6,21,24,3.428571429,600,239.2884
6954,3,21,20,2.857142857,600,153.105
6974,3,21,10,1.428571429,600,69.3678
6989,5,21,4,0.571428571,600,96.6684
6994,6,21,36,5.142857143,600,195.8916
7015,6,21,24,3.428571429,600,160.1394
7061,4,21,24,3.428571429,600,75.276
7066,4,21,10,1.428571429,600,120.7776
7068,5,21,28,4,600,208.032
7077,5,21,8,1.142857143,600,115.8672
7091,5,21,18,2.571428571,600,163.7748
7103,6,21,16,2.285714286,600,134.091
7168,6,21,56,8,600,89.8128
7169,6,21,24,3.428571429,600,83.0268
7233,5,21,8,1.142857143,600,111.708
7257,4,21,16,2.285714286,600,182.205
7260,4,21,20,2.857142857,600,134.7708
7271,5,21,28,4,600,153.8316
7291,4,21,20,2.857142857,600,68.9058
7347,6,21,42,6,600,144.5412
7374,5,21,24,3.428571429,600,121.8
7426,5,21,42,6,600,126.4566
7440,5,21,2,0.285714286,600,110.1162
7451,6,21,24,3.428571429,600,105.5328
7458,6,21,28,4,600,219.4398
7459,7,21,14,2,600,175.0908
7500,5,21,10,1.428571429,600,159.3642
7525,5,21,8,1.142857143,600,144.6954
7527,4,21,42,6,600,86.3022
7529,6,21,24,3.428571429,600,129.822
7567,6,21,12,1.714285714,600,230.0343
7603,4,21,14,2,600,177.4398
7634,5,21,10,1.428571429,600,120.2352
7645,6,21,10,1.428571429,600,143.862
7655,4,21,8,1.142857143,600,142.4628
7660,6,21,42,6,600,122.5092
7695,4,21,16,2.285714286,600,165.5502
7709,4,21,10,1.428571429,600,150.7878
7741,5,21,14,2,600,83.2566
7752,6,21,10,1.428571429,600,111.024
7770,5,21,18,2.571428571,600,104.0502
7783,6,21,16,2.285714286,600,263.7198
7794,5,21,20,2.857142857,600,139.5462
7804,1,21,10,1.428571429,600,73.1424
7806,3,21,6,0.857142857,600,134.6472
7836,4,21,2,0.285714286,600,84.5652
7851,5,21,10,1.428571429,600,122.2194
7900,3,21,18,2.571428571,600,75.1692
7946,4,21,8,1.142857143,600,96.9408
7957,3,21,20,2.857142857,600,90.9126
7958,2,21,8,1.142857143,600,66.1422
7960,5,21,20,2.857142857,600,120.3672
7975,5,21,12,1.714285714,600,75.9108
7976,1,21,24,3.428571429,600,100.7034
7985,5,21,8,1.142857143,600,167.1306
8007,5,21,10,1.428571429,600,105.8532
8027,1,21,20,2.857142857,600,60.594
8043,6,21,8,1.142857143,600,210.0804
8090,4,21,16,2.285714286,600,99.282
8198,4,21,12,1.714285714,600,113.871
8225,5,21,20,2.857142857,600,139.065
8244,4,21,6,0.857142857,600,111.6288
8245,6,21,12,1.714285714,600,118.5876
8248,4,21,4,0.571428571,600,68.682
8316,5,21,8,1.142857143,600,89.109
8332,5,21,12,1.714285714,600,217.9494
8333,3,21,8,1.142857143,600,98.9022
8393,3,21,32,4.571428571,600,80.7408
8422,2,21,20,2.857142857,600,57.4998
8428,5,21,24,3.428571429,600,170.0796
8433,3,21,16,2.285714286,600,92.8056
8488,4,21,20,2.857142857,600,109.3308
8491,4,21,16,2.285714286,600,116.784
8518,4,21,24,3.428571429,600,147.2652
8519,4,21,10,1.428571429,600,119.5638
8522,6,21,10,1.428571429,600,180.1512
8563,3,21,8,1.142857143,600,85.4664
8577,3,21,6,0.857142857,600,77.5512
8602,6,21,6,0.857142857,600,116.769
8737,3,21,30,4.285714286,600,102.7818
8795,4,21,6,0.857142857,600,103.6908
8801,5,21,24,3.428571429,600,157.7346
8815,5,21,20,2.857142857,600,74.268
8869,4,21,4,0.571428571,600,139.9836
8883,1,21,6,0.857142857,600,47.0112
8892,2,21,18,2.571428571,600,50.022
8908,5,21,6,0.857142857,600,121.6212
8958,5,21,6,0.857142857,600,170.4012
9078,2,21,4,0.571428571,600,53.2404
9092,6,21,28,4,600,161.6652
9105,4,21,10,1.428571429,610,91.311
9163,3,21,6,0.857142857,610,88.4328
9197,5,21,24,3.428571429,612,107.9514
9202,7,21,10,1.428571429,620,132.4128
9237,4,21,28,4,625,173.9034
9256,4,21,6,0.857142857,630,88.4742
9265,4,21,8,1.142857143,630,121.6992
168,4,22,4,0.571428571,630,90.7686
178,5,22,8,1.142857143,639,157.332
193,4,22,20,2.857142857,640,120.7014
225,4,22,36,5.142857143,640,98.6694
263,2,22,16,2.285714286,650,114.942
267,5,22,6,0.857142857,650,134.571
342,3,22,10,1.428571429,650,87.2484
351,6,22,24,3.428571429,650,189.375
384,3,22,40,5.714285714,650,108.4692
393,6,22,10,1.428571429,650,91.866
423,4,22,10,1.428571429,650,83.085
444,3,22,12,1.714285714,650,66.8676
466,6,22,16,2.285714286,650,297.0672
532,1,22,20,2.857142857,650,54.0792
536,5,22,10,1.428571429,650,67.1406
607,4,22,24,3.428571429,650,55.077
643,6,22,28,4,650,93.741
689,2,22,14,2,650,34.9278
710,6,22,28,4,650,124.5138
730,6,22,30,4.285714286,650,132.111
747,5,22,12,1.714285714,650,89.2788
766,1,22,10,1.428571429,650,43.779
834,6,22,10,1.428571429,650,151.8984
843,3,22,20,2.857142857,650,63.7248
851,4,22,10,1.428571429,650,130.2162
893,4,22,12,1.714285714,650,100.1172
900,2,22,30,4.285714286,650,82.9572
901,2,22,12,1.714285714,650,105.9774
966,4,22,10,1.428571429,650,87.9012
981,5,22,20,2.857142857,650,132.1734
995,3,22,12,1.714285714,650,90.6156
1071,2,22,8,1.142857143,666,68.9142
1074,1,22,16,2.285714286,670,38.3274
1137,4,22,6,0.857142857,690,69.2034
1168,6,22,6,0.857142857,699,123.8388
1193,3,22,6,0.857142857,700,84.7632
1208,4,22,20,2.857142857,700,160.8168
1289,4,22,12,1.714285714,700,130.0248
1293,6,22,16,2.285714286,700,96.2154
1338,1,22,6,0.857142857,700,43.3638
1339,3,22,24,3.428571429,700,91.4178
1346,5,22,18,2.571428571,700,114.2598
1356,5,22,6,0.857142857,700,143.718
1379,5,22,28,4,700,124.026
1382,3,22,10,1.428571429,700,71.2914
1439,6,22,24,3.428571429,700,113.8248
1464,6,22,8,1.142857143,700,74.3238
1469,1,22,16,2.285714286,700,55.203
1477,3,22,20,2.857142857,700,69.0534
1479,4,22,20,2.857142857,700,167.4162
1484,5,22,16,2.285714286,700,118.9908
1491,3,22,6,0.857142857,700,121.6998
1495,2,22,4,0.571428571,700,84.2604
1565,5,22,8,1.142857143,700,120.0012
1578,4,22,12,1.714285714,700,190.3122
1649,6,22,10,1.428571429,700,86.3388
1666,4,22,8,1.142857143,700,70.4238
1748,4,22,4,0.571428571,700,74.4648
1752,5,22,24,3.428571429,700,135.8904
1768,6,22,6,0.857142857,700,150.627
1771,5,22,20,2.857142857,700,108.2772
1789,6,22,28,4,700,88.3788
1796,3,22,4,0.571428571,700,90.4908
1799,5,22,10,1.428571429,700,92.8662
1848,3,22,12,1.714285714,700,103.506
1875,5,22,6,0.857142857,700,104.5386
1885,4,22,12,1.714285714,700,149.7372
1915,5,22,10,1.428571429,700,155.2386
1947,6,22,24,3.428571429,700,121.7802
1972,4,22,12,1.714285714,700,111.9282
2034,6,22,20,2.857142857,700,99.072
2044,4,22,14,2,700,125.4498
2123,3,22,28,4,700,89.5602
2166,4,22,12,1.714285714,700,90.183
2220,3,22,24,3.428571429,700,84.9726
2228,2,22,10,1.428571429,700,51.1098
2246,5,22,16,2.285714286,700,248.049
2249,3,22,8,1.142857143,700,141.075
2263,4,22,12,1.714285714,700,141.018
2278,6,22,36,5.142857143,700,257.811
2307,5,22,42,6,700,190.7448
2308,6,22,42,6,700,192.6966
2311,5,22,14,2,700,87.9756
2319,5,22,12,1.714285714,700,103.4364
2336,5,22,28,4,700,134.0784
2353,6,22,20,2.857142857,700,120.1206
2395,5,22,4,0.571428571,700,111.9126
2398,4,22,8,1.142857143,700,113.6742
2402,6,22,12,1.714285714,700,154.1286
2417,5,22,36,5.142857143,700,99.9396
2448,4,22,6,0.857142857,700,62.2398
2527,6,22,42,6,700,134.2086
2538,5,22,6,0.857142857,700,76.611
2554,4,22,12,1.714285714,700,62.943
2606,6,22,84,12,700,250.299
2613,5,22,14,2,700,136.4202
2618,2,22,20,2.857142857,700,94.0836
2646,3,22,4,0.571428571,700,158.3544
2657,2,22,12,1.714285714,700,67.8552
2660,5,22,20,2.857142857,700,155.4156
2691,6,22,6,0.857142857,700,154.4874
2717,3,22,20,2.857142857,700,110.5272
2759,3,22,16,2.285714286,700,85.2612
2904,3,22,20,2.857142857,700,77.5146
2915,7,22,28,4,700,143.7066
2916,4,22,20,2.857142857,700,114.8028
2931,6,22,12,1.714285714,700,169.4076
2932,5,22,6,0.857142857,700,146.9736
2939,6,22,20,2.857142857,700,132.6198
2940,4,22,20,2.857142857,700,121.2762
2954,4,22,6,0.857142857,700,106.2234
2984,2,22,42,6,700,94.0596
2995,2,22,8,1.142857143,700,39.2142
3053,4,22,30,4.285714286,700,75.114
3066,5,22,16,2.285714286,700,125.6172
3097,4,22,40,5.714285714,700,73.8462
3220,5,22,42,6,700,112.2768
3252,6,22,20,2.857142857,700,116.0592
3258,3,22,12,1.714285714,700,77.8542
3306,5,22,24,3.428571429,700,191.538
3313,6,22,20,2.857142857,700,106.3542
3317,6,22,16,2.285714286,700,150.12
3355,3,22,20,2.857142857,700,55.029
3364,4,22,12,1.714285714,700,104.1408
3393,4,22,2,0.285714286,700,57.6762
3435,4,22,6,0.857142857,700,173.5266
3457,4,22,6,0.857142857,700,113.2158
3497,5,22,16,2.285714286,700,99.1626
3520,4,22,24,3.428571429,700,111.3066
3589,3,22,10,1.428571429,700,43.3578
3639,4,22,10,1.428571429,700,73.2666
3671,3,22,10,1.428571429,700,127.4898
3717,2,22,6,0.857142857,700,73.5396
3727,3,22,20,2.857142857,700,59.454
3768,5,22,90,12.85714286,700,89.6652
3801,1,22,24,3.428571429,700,24.9042
3810,4,22,32,4.571428571,700,137.307
3821,5,22,12,1.714285714,700,140.9568
3824,4,22,4,0.571428571,700,71.0808
3836,3,22,6,0.857142857,700,78.36
3860,5,22,12,1.714285714,700,166.065
3920,5,22,20,2.857142857,700,110.9436
3948,4,22,20,2.857142857,700,139.4802
3961,5,22,4,0.571428571,700,49.7358
3971,5,22,10,1.428571429,700,92.0916
4074,4,22,6,0.857142857,700,51.9126
4107,3,22,12,1.714285714,700,63.0816
4127,2,22,12,1.714285714,700,45.9942
4143,5,22,20,2.857142857,700,110.808
4154,5,22,10,1.428571429,700,106.9818
4172,3,22,20,2.857142857,700,70.281
4281,4,22,2,0.285714286,700,87.2328
4290,2,22,48,6.857142857,700,124.9362
4326,4,22,4,0.571428571,700,75.9498
4334,4,22,10,1.428571429,700,108.363
4357,6,22,42,6,700,176.673
4361,6,22,8,1.142857143,700,151.0074
4408,4,22,8,1.142857143,700,127.6704
4433,3,22,8,1.142857143,700,35.0298
4506,3,22,6,0.857142857,700,226.6554
4543,4,22,16,2.285714286,700,123.7164
4679,4,22,6,0.857142857,700,75.3714
4682,5,22,24,3.428571429,700,89.0364
4716,5,22,16,2.285714286,700,106.1196
4723,6,22,20,2.857142857,700,144.0126
4725,2,22,14,2,700,49.1904
4834,5,22,20,2.857142857,700,60.1158
4862,4,22,4,0.571428571,700,88.701
4960,1,22,10,1.428571429,700,61.92
4994,4,22,16,2.285714286,700,88.3806
4998,2,22,2,0.285714286,700,66.0912
5147,4,22,84,12,700,149.6574
5162,6,22,8,1.142857143,700,190.641
5165,3,22,4,0.571428571,711,65.7534
5192,5,22,28,4,720,189.48
5295,6,22,10,1.428571429,720,108.5394
5312,2,22,8,1.142857143,730,81.3036
5374,4,22,2,0.285714286,730,52.6218
5434,2,22,6,0.857142857,730,49.7832
5446,6,22,6,0.857142857,730,150.9456
5487,6,22,16,2.285714286,730,179.5776
5493,3,22,6,0.857142857,730,110.7324
5498,6,22,14,2,730,194.523
5510,5,22,16,2.285714286,730,96.9738
5520,6,22,24,3.428571429,730,179.8236
5527,2,22,12,1.714285714,730,99.5784
5533,4,22,20,2.857142857,730,85.3884
5567,4,22,4,0.571428571,730,102.8136
5580,6,22,20,2.857142857,730,121.7388
5582,5,22,4,0.571428571,730,146.9604
5610,4,22,10,1.428571429,730,152.2374
5617,6,22,10,1.428571429,730,77.316
5618,3,22,42,6,730,126.7926
5643,4,22,10,1.428571429,730,109.5276
5675,5,22,6,0.857142857,730,129.4044
5717,4,22,12,1.714285714,730,89.919
5732,5,22,2,0.285714286,730,112.4274
5753,6,22,28,4,730,197.8584
5800,5,22,14,2,730,212.442
5812,2,22,4,0.571428571,730,48.1782
5855,5,22,28,4,730,159.927
5871,5,22,16,2.285714286,730,134.6574
5933,1,22,2,0.285714286,730,46.6974
5955,5,22,12,1.714285714,730,99.5784
6020,5,22,10,1.428571429,730,106.0056
6034,6,22,24,3.428571429,730,164.3844
6056,4,22,10,1.428571429,730,106.215
6186,6,22,24,3.428571429,730,139.3404
6197,6,22,10,1.428571429,730,220.3812
6269,6,22,30,4.285714286,730,204.936
6281,5,22,6,0.857142857,730,122.0916
6286,6,22,24,3.428571429,730,177.0168
6288,2,22,12,1.714285714,730,57.5388
6301,6,22,42,6,730,247.9752
6305,4,22,12,1.714285714,730,91.6206
6393,7,22,56,8,730,169.6974
6428,6,22,4,0.571428571,730,168.642
6430,4,22,20,2.857142857,730,64.2816
6440,3,22,4,0.571428571,730,80.1252
6531,6,22,42,6,730,216.8928
6572,6,22,8,1.142857143,730,156.8142
6608,4,22,6,0.857142857,730,126.3222
6643,3,22,30,4.285714286,730,73.3212
6718,3,22,10,1.428571429,730,85.7934
6721,4,22,6,0.857142857,730,167.487
6832,5,22,6,0.857142857,730,133.6362
6842,1,22,4,0.571428571,730,74.3148
6891,4,22,2,0.285714286,730,52.4922
6944,6,22,12,1.714285714,730,122.7204
6963,2,22,4,0.571428571,730,119.2752
6970,3,22,24,3.428571429,730,99.9234
6976,4,22,4,0.571428571,730,113.9184
6979,6,22,28,4,730,113.868
6993,6,22,10,1.428571429,730,162.1908
6997,5,22,20,2.857142857,730,229.3428
7073,5,22,12,1.714285714,730,143.2086
7120,6,22,24,3.428571429,730,192.1332
7134,5,22,12,1.714285714,730,129.3648
7196,5,22,4,0.571428571,730,158.1996
7206,4,22,10,1.428571429,730,87.273
7228,5,22,8,1.142857143,730,97.6944
7232,4,22,6,0.857142857,730,77.775
7332,5,22,12,1.714285714,730,97.3206
7333,3,22,10,1.428571429,730,73.4838
7341,5,22,10,1.428571429,730,236.265
7438,6,22,56,8,730,118.122
7474,4,22,6,0.857142857,730,92.3982
7477,4,22,12,1.714285714,730,71.6274
7484,6,22,12,1.714285714,730,126.9048
7490,4,22,2,0.285714286,730,118.6578
7544,2,22,8,1.142857143,730,74.6136
7580,5,22,12,1.714285714,730,128.9214
7590,3,22,6,0.857142857,730,93.1896
7620,6,22,24,3.428571429,730,155.7354
7623,2,22,6,0.857142857,731,71.088
7700,1,22,4,0.571428571,740,89.064
7721,6,22,20,2.857142857,740,170.8218
7767,2,22,16,2.285714286,750,64.7028
7810,3,22,14,2,750,52.8882
7832,2,22,6,0.857142857,750,97.632
7858,3,22,20,2.857142857,750,94.7502
7917,6,22,16,2.285714286,750,112.9194
7945,4,22,14,2,750,135.2832
7986,4,22,6,0.857142857,750,109.9542
7990,5,22,12,1.714285714,750,124.011
8048,7,22,28,4,750,179.7546
8050,4,22,24,3.428571429,750,139.7418
8073,5,22,4,0.571428571,750,147.1464
8106,1,22,6,0.857142857,750,72.4176
8119,3,22,8,1.142857143,750,131.6652
8151,2,22,28,4,750,87.4368
8173,3,22,28,4,750,128.1648
8210,5,22,10,1.428571429,750,299.9994
8258,3,22,10,1.428571429,750,120.4374
8283,5,22,20,2.857142857,750,118.8228
8285,5,22,12,1.714285714,750,109.2102
8329,5,22,42,6,750,219.0054
8360,6,22,20,2.857142857,750,123.717
8374,5,22,4,0.571428571,750,134.5398
8387,4,22,12,1.714285714,750,176.4444
8407,4,22,10,1.428571429,750,99.0072
8414,4,22,20,2.857142857,750,102.9456
8417,1,22,28,4,750,70.5282
8429,5,22,8,1.142857143,750,149.0958
8467,6,22,28,4,750,87.8814
8470,5,22,12,1.714285714,750,96.5724
8506,2,22,4,0.571428571,750,98.3262
8548,5,22,14,2,750,141.6672
8561,5,22,4,0.571428571,750,135.0156
8564,6,22,6,0.857142857,750,137.163
8604,4,22,4,0.571428571,750,95.2848
8612,3,22,12,1.714285714,750,93.645
8618,6,22,12,1.714285714,750,133.6758
8637,6,22,20,2.857142857,750,83.076
8649,5,22,12,1.714285714,750,114.1458
8691,5,22,24,3.428571429,750,125.4558
8700,5,22,28,4,750,135.4074
8709,6,22,24,3.428571429,750,89.7594
8742,5,22,14,2,750,125.028
8750,6,22,36,5.142857143,750,179.6622
8766,3,22,8,1.142857143,750,107.9598
8798,4,22,10,1.428571429,750,82.5918
8821,6,22,28,4,750,86.6838
8867,5,22,8,1.142857143,750,102.7062
8895,5,22,12,1.714285714,750,66.1536
8897,3,22,20,2.857142857,750,111.2634
8912,6,22,28,4,750,217.3608
8976,4,22,10,1.428571429,755,90.4866
9003,5,22,10,1.428571429,770,105.2412
9023,5,22,60,8.571428571,780,94.8474
9057,3,22,4,0.571428571,780,96.4476
9071,5,22,20,2.857142857,800,124.3374
9234,6,22,12,1.714285714,800,209.148
9271,4,22,6,0.857142857,800,88.8246
55,5,23,10,1.428571429,800,129.2322
142,4,23,20,2.857142857,800,129.8598
180,4,23,4,0.571428571,800,67.6194
201,3,23,2,0.285714286,800,66.7818
210,4,23,20,2.857142857,800,83.9658
244,5,23,12,1.714285714,800,142.5096
250,5,23,8,1.142857143,800,68.6388
251,6,23,40,5.714285714,800,128.0802
281,5,23,20,2.857142857,800,110.7312
336,4,23,4,0.571428571,800,59.181
366,5,23,12,1.714285714,800,136.5768
381,6,23,20,2.857142857,800,176.5188
408,5,23,12,1.714285714,800,125.7894
411,6,23,28,4,800,113.601
434,5,23,10,1.428571429,800,119.5992
527,3,23,4,0.571428571,800,156.9822
546,4,23,20,2.857142857,800,94.2774
576,5,23,4,0.571428571,800,100.4274
672,2,23,8,1.142857143,800,114.7236
674,4,23,8,1.142857143,800,141.6378
703,3,23,16,2.285714286,800,99.9318
724,3,23,24,3.428571429,800,76.1916
750,6,23,28,4,800,105.6042
756,6,23,28,4,800,111.759
758,2,23,12,1.714285714,800,45.3894
765,3,23,8,1.142857143,800,82.458
796,6,23,28,4,800,240.7638
822,3,23,6,0.857142857,800,93.6108
833,3,23,16,2.285714286,800,125.7312
836,5,23,14,2,800,104.3874
912,3,23,30,4.285714286,800,97.1082
1008,4,23,36,5.142857143,800,98.4858
1083,2,23,10,1.428571429,800,50.6784
1159,2,23,2,0.285714286,800,57.9072
1175,4,23,16,2.285714286,800,117.417
1216,7,23,24,3.428571429,800,203.9028
1259,6,23,10,1.428571429,800,166.4136
1292,3,23,4,0.571428571,800,92.88
1335,2,23,6,0.857142857,800,49.9362
1337,4,23,8,1.142857143,800,85.7502
1397,3,23,4,0.571428571,800,97.3866
1427,5,23,12,1.714285714,800,118.1706
1430,4,23,12,1.714285714,800,115.5006
1476,6,23,16,2.285714286,800,115.5252
1486,4,23,30,4.285714286,800,127.695
1535,4,23,10,1.428571429,800,139.1526
1537,6,23,2,0.285714286,800,98.8476
1563,5,23,10,1.428571429,800,122.157
1607,3,23,6,0.857142857,800,99.9426
1629,5,23,14,2,800,91.4838
1751,4,23,14,2,800,111.2958
1811,4,23,6,0.857142857,800,86.7768
1817,5,23,2,0.285714286,800,69.303
1886,3,23,50,7.142857143,800,53.2722
2043,5,23,20,2.857142857,800,133.4292
2076,7,23,56,8,800,136.2432
2089,5,23,8,1.142857143,800,173.355
2101,4,23,12,1.714285714,800,133.4454
2159,3,23,2,0.285714286,800,83.748
2184,5,23,24,3.428571429,800,141.6744
2221,2,23,6,0.857142857,800,54.366
2247,5,23,16,2.285714286,800,133.6044
2345,4,23,10,1.428571429,800,72.618
2375,3,23,20,2.857142857,800,97.4982
2380,5,23,8,1.142857143,800,133.2948
2391,4,23,10,1.428571429,800,88.8612
2489,6,23,28,4,800,124.1148
2509,6,23,8,1.142857143,800,142.7916
2570,5,23,56,8,800,100.1874
2610,4,23,12,1.714285714,800,142.5444
2612,5,23,42,6,800,249.3198
2639,2,23,4,0.571428571,800,63.7386
2649,4,23,10,1.428571429,800,80.2752
2683,4,23,14,2,800,82.7364
2733,6,23,36,5.142857143,800,124.098
2783,6,23,24,3.428571429,800,311.0094
3007,4,23,6,0.857142857,800,133.5432
3079,3,23,6,0.857142857,800,103.0074
3120,4,23,24,3.428571429,800,100.0632
3169,6,23,20,2.857142857,800,152.8266
3277,4,23,14,2,800,107.4156
3279,5,23,16,2.285714286,800,152.7624
3295,4,23,28,4,800,104.004
3302,1,23,8,1.142857143,800,51.5208
3339,1,23,2,0.285714286,800,44.8266
3384,3,23,6,0.857142857,800,101.3286
3423,1,23,10,1.428571429,800,78.1968
3478,4,23,10,1.428571429,800,125.3988
3600,3,23,20,2.857142857,800,121.3596
3661,4,23,20,2.857142857,800,109.6242
3667,6,23,16,2.285714286,800,167.2536
3726,3,23,10,1.428571429,800,121.5924
3750,6,23,28,4,800,208.9488
3751,3,23,28,4,800,123.489
3804,4,23,24,3.428571429,800,116.1588
3840,2,23,10,1.428571429,800,62.4576
3841,4,23,4,0.571428571,800,64.179
3846,4,23,14,2,800,163.875
3862,3,23,28,4,800,99.747
3874,4,23,4,0.571428571,800,88.0788
3902,5,23,4,0.571428571,800,107.3514
3938,3,23,4,0.571428571,800,57.8586
4007,3,23,8,1.142857143,800,86.0532
4054,5,23,14,2,800,153.1494
4091,3,23,6,0.857142857,800,70.8852
4094,6,23,14,2,800,191.1366
4110,2,23,20,2.857142857,800,45.8268
4121,2,23,20,2.857142857,800,59.9622
4182,5,23,28,4,800,134.388
4205,3,23,28,4,800,74.4258
4232,3,23,6,0.857142857,800,78.2034
4254,3,23,28,4,800,137.3856
4263,1,23,4,0.571428571,800,53.4696
4293,5,23,4,0.571428571,800,102.0696
4415,4,23,24,3.428571429,800,91.8564
4435,2,23,2,0.285714286,800,24.6648
4469,4,23,6,0.857142857,800,129.9774
4596,4,23,6,0.857142857,800,112.2684
4662,4,23,10,1.428571429,800,147.2856
4699,7,23,14,2,800,166.5456
4701,2,23,8,1.142857143,800,62.988
4734,5,23,42,6,800,131.0556
4747,4,23,4,0.571428571,800,129.639
4846,4,23,20,2.857142857,800,95.4078
4895,3,23,28,4,800,91.0542
4906,5,23,2,0.285714286,800,102.2502
4967,3,23,12,1.714285714,800,85.4886
4976,4,23,4,0.571428571,800,57.5244
5114,4,23,8,1.142857143,800,124.6482
5122,4,23,36,5.142857143,800,139.14
5129,7,23,56,8,830,213.6318
5143,5,23,24,3.428571429,830,91.9722
5154,4,23,20,2.857142857,840,91.1574
5215,4,23,24,3.428571429,840,65.8242
5241,4,23,10,1.428571429,840,121.818
5247,6,23,12,1.714285714,840,101.2134
5264,5,23,10,1.428571429,848,216.3588
5300,5,23,4,0.571428571,850,155.0538
5360,5,23,10,1.428571429,850,170.799
5424,2,23,8,1.142857143,850,61.4772
5476,6,23,10,1.428571429,850,75.6648
5483,1,23,20,2.857142857,850,54.405
5503,4,23,8,1.142857143,850,102.0012
5525,4,23,42,6,850,84.0648
5558,1,23,2,0.285714286,850,77.241
5599,5,23,8,1.142857143,850,92.0592
5668,2,23,6,0.857142857,850,54.915
5669,3,23,4,0.571428571,850,56.6634
5684,5,23,4,0.571428571,850,156.3168
5708,5,23,10,1.428571429,854,143.4306
5735,5,23,30,4.285714286,865,183.7728
5824,5,23,28,4,898,175.7532
5854,5,23,16,2.285714286,900,134.3874
5903,3,23,12,1.714285714,900,140.796
5947,6,23,12,1.714285714,900,104.7942
5950,2,23,12,1.714285714,900,76.212
5956,6,23,30,4.285714286,900,195.1164
5995,5,23,14,2,900,120.6852
6043,4,23,4,0.571428571,900,76.5978
6123,4,23,30,4.285714286,900,94.9794
6263,4,23,24,3.428571429,900,173.454
6309,6,23,2,0.285714286,900,173.358
6334,4,23,12,1.714285714,900,78.2796
6358,5,23,12,1.714285714,900,157.6836
6387,4,23,8,1.142857143,900,98.661
6424,4,23,10,1.428571429,900,93.0774
6446,6,23,30,4.285714286,900,200.2284
6449,3,23,8,1.142857143,900,182.3736
6469,7,23,36,5.142857143,900,225.2022
6596,3,23,16,2.285714286,900,91.9332
6710,3,23,10,1.428571429,900,90.372
6802,6,23,4,0.571428571,900,156.501
6804,6,23,2,0.285714286,900,147.0018
6812,2,23,28,4,900,83.6118
6904,4,23,20,2.857142857,900,107.4432
6915,4,23,6,0.857142857,900,73.0254
6930,3,23,8,1.142857143,900,55.6374
6942,5,23,12,1.714285714,900,109.4292
6943,5,23,20,2.857142857,900,122.511
6952,4,23,42,6,900,107.0388
6973,4,23,20,2.857142857,900,215.01
6995,6,23,14,2,900,138.2484
7043,3,23,20,2.857142857,900,59.1084
7193,5,23,28,4,900,141.1818
7200,3,23,12,1.714285714,900,113.0196
7221,6,23,24,3.428571429,900,162.804
7225,4,23,12,1.714285714,900,80.922
7236,3,23,8,1.142857143,900,89.6808
7258,7,23,56,8,900,171.7614
7274,3,23,10,1.428571429,900,97.0914
7282,4,23,20,2.857142857,900,90.8352
7302,3,23,12,1.714285714,900,110.706
7313,4,23,2,0.285714286,900,133.3014
7350,5,23,16,2.285714286,900,100.5564
7385,4,23,24,3.428571429,900,227.2272
7389,4,23,20,2.857142857,936,88.1538
7399,5,23,30,4.285714286,950,187.4922
7412,4,23,16,2.285714286,950,61.3698
7416,5,23,10,1.428571429,950,125.5248
7419,3,23,8,1.142857143,950,71.5272
7450,6,23,24,3.428571429,950,202.0194
7463,6,23,12,1.714285714,960,95.9028
7504,5,23,16,2.285714286,960,118.2726
7528,2,23,10,1.428571429,960,91.8972
7616,5,23,16,2.285714286,980,122.604
7640,5,23,42,6,999,147.417
7641,6,23,8,1.142857143,1000,100.2276
7649,4,23,24,3.428571429,1000,93.3078
7729,6,23,12,1.714285714,1000,130.4244
7734,4,23,10,1.428571429,1000,94.395
7737,4,23,20,2.857142857,1000,104.7984
7740,3,23,10,1.428571429,1000,122.8854
7785,5,23,6,0.857142857,1000,134.6478
7792,4,23,14,2,1000,83.2944
7855,6,23,24,3.428571429,1000,140.178
7893,4,23,28,4,1000,80.6748
7913,5,23,30,4.285714286,1000,190.5432
7926,4,23,2,0.285714286,1000,116.3904
7979,6,23,8,1.142857143,1000,124.1724
8017,6,23,14,2,1000,107.454
8019,4,23,10,1.428571429,1000,77.0478
8042,6,23,8,1.142857143,1000,181.152
8223,3,23,10,1.428571429,1000,66.495
8236,6,23,8,1.142857143,1000,102.7938
8272,5,23,10,1.428571429,1000,286.2444
8314,3,23,8,1.142857143,1000,49.0194
8317,6,23,28,4,1000,106.5318
8335,3,23,12,1.714285714,1000,69.4308
8370,2,23,8,1.142857143,1000,88.3518
8386,6,23,8,1.142857143,1000,167.1048
8419,2,23,24,3.428571429,1000,36.2466
8434,5,23,8,1.142857143,1000,90.7164
8440,6,23,28,4,1000,185.6538
8480,6,23,10,1.428571429,1000,144.6798
8524,5,23,24,3.428571429,1000,120.3918
8575,4,23,4,0.571428571,1000,106.2996
8578,3,23,6,0.857142857,1000,180.8406
8617,6,23,16,2.285714286,1000,120.0936
8655,2,23,16,2.285714286,1000,61.908
8672,7,23,42,6,1000,298.7952
8673,5,23,16,2.285714286,1000,130.5282
8748,2,23,12,1.714285714,1000,98.652
8760,7,23,6,0.857142857,1000,212.148
8764,5,23,28,4,1000,188.3538
8788,2,23,18,2.571428571,1000,61.6998
8796,2,23,28,4,1000,68.0034
8817,5,23,42,6,1000,210.1758
8870,4,23,10,1.428571429,1000,111.1806
8871,5,23,28,4,1000,132.1728
8891,3,23,6,0.857142857,1000,130.2834
8932,5,23,6,0.857142857,1000,196.7874
9031,2,23,42,6,1000,99.4476
9038,4,23,6,0.857142857,1000,106.176
9058,5,23,16,2.285714286,1000,252.1404
9098,7,23,6,0.857142857,1000,171.4218
9128,4,23,20,2.857142857,1000,83.3202
9157,3,23,8,1.142857143,1000,149.4762
9244,6,23,4,0.571428571,1000,88.5822
9260,4,23,36,5.142857143,1000,96.6198
230,3,24,10,1.428571429,1000,87.162
329,6,24,24,3.428571429,1000,146.6856
398,7,24,16,2.285714286,1000,216.6852
454,6,24,24,3.428571429,1000,207.8286
513,6,24,42,6,1000,186.7284
540,6,24,18,2.571428571,1000,157.167
584,2,24,12,1.714285714,1000,44.5248
614,5,24,12,1.714285714,1000,99.5442
626,5,24,10,1.428571429,1000,148.0326
751,4,24,24,3.428571429,1000,72.069
781,5,24,8,1.142857143,1000,180.282
790,4,24,4,0.571428571,1000,100.5552
798,5,24,20,2.857142857,1000,148.9158
813,6,24,20,2.857142857,1000,94.0662
931,5,24,12,1.714285714,1000,105.0174
942,4,24,8,1.142857143,1000,80.088
967,6,24,30,4.285714286,1000,192.9342
1016,1,24,16,2.285714286,1000,25.6062
1047,4,24,14,2,1000,98.0592
1076,5,24,8,1.142857143,1000,129.7716
1077,5,24,16,2.285714286,1000,119.6022
1106,5,24,4,0.571428571,1000,122.8368
1312,2,24,6,0.857142857,1000,71.9574
1436,5,24,24,3.428571429,1000,102.5556
1496,5,24,16,2.285714286,1000,111.4068
1582,2,24,6,0.857142857,1000,90.0018
1591,6,24,14,2,1000,134.7282
1595,3,24,6,0.857142857,1000,62.2626
1616,6,24,24,3.428571429,1000,138.8046
1676,3,24,4,0.571428571,1000,60.7368
1705,5,24,30,4.285714286,1000,142.212
1714,2,24,16,2.285714286,1000,64.8324
1839,3,24,8,1.142857143,1000,81.03
1850,5,24,10,1.428571429,1000,90.7506
1855,4,24,16,2.285714286,1000,123.576
1926,3,24,16,2.285714286,1000,69.3924
1995,5,24,6,0.857142857,1000,132.4146
2058,5,24,8,1.142857143,1000,128.0394
2077,3,24,10,1.428571429,1000,55.9452
2191,2,24,16,2.285714286,1000,79.9734
2297,5,24,6,0.857142857,1000,155.0778
2352,5,24,8,1.142857143,1000,75.6648
2393,6,24,36,5.142857143,1000,165.2772
2512,4,24,10,1.428571429,1000,61.2018
2520,3,24,14,2,1000,91.221
2533,1,24,10,1.428571429,1000,54.045
2548,6,24,16,2.285714286,1000,208.695
2579,4,24,14,2,1000,79.2696
2635,4,24,28,4,1000,69.9984
2644,5,24,6,0.857142857,1000,72.459
2706,5,24,8,1.142857143,1000,147.6786
2729,2,24,10,1.428571429,1000,71.7522
2830,6,24,10,1.428571429,1000,197.07
2837,6,24,36,5.142857143,1000,131.3226
2878,4,24,14,2,1000,72.2544
2886,6,24,56,8,1000,165.303
2938,4,24,10,1.428571429,1000,126.9336
2944,4,24,10,1.428571429,1000,83.2626
2982,5,24,16,2.285714286,1000,121.848
3014,5,24,6,0.857142857,1000,101.7954
3020,6,24,24,3.428571429,1000,87.3768
3090,3,24,28,4,1000,189.465
3095,4,24,28,4,1000,132.9432
3099,3,24,2,0.285714286,1000,75.783
3183,6,24,10,1.428571429,1000,99.3462
3267,2,24,8,1.142857143,1000,67.4424
3278,5,24,10,1.428571429,1000,126.6186
3300,4,24,28,4,1000,103.8072
3311,3,24,4,0.571428571,1000,64.104
3394,3,24,12,1.714285714,1000,77.7006
3405,5,24,12,1.714285714,1000,65.2284
3452,2,24,20,2.857142857,1000,50.9088
3467,5,24,8,1.142857143,1000,130.6962
3506,6,24,28,4,1000,114.2724
3558,3,24,16,2.285714286,1000,76.944
3628,4,24,10,1.428571429,1000,108.8166
3633,4,24,18,2.571428571,1000,110.7204
3655,2,24,20,2.857142857,1000,80.0532
3685,4,24,4,0.571428571,1000,107.8302
3705,5,24,12,1.714285714,1000,67.2102
3730,4,24,6,0.857142857,1000,68.0904
3733,6,24,112,16,1000,139.7598
3826,2,24,12,1.714285714,1000,60.9768
3856,4,24,2,0.285714286,1000,76.1328
3857,1,24,16,2.285714286,1000,31.7124
3864,5,24,6,0.857142857,1000,226.3494
3891,6,24,20,2.857142857,1000,162.792
3923,5,24,16,2.285714286,1030,292.5408
3984,6,24,28,4,1050,158.0856
3999,4,24,20,2.857142857,1050,115.0008
4262,2,24,36,5.142857143,1080,47.2302
4289,6,24,12,1.714285714,1080,112.806
4301,4,24,16,2.285714286,1095,130.6506
4335,4,24,24,3.428571429,1098,111.0042
4356,3,24,8,1.142857143,1100,48.8856
4598,5,24,20,2.857142857,1100,165.198
4600,5,24,6,0.857142857,1100,99.8502
4616,6,24,24,3.428571429,1100,154.6464
4777,1,24,6,0.857142857,1100,43.1352
4785,2,24,2,0.285714286,1100,45.4902
4801,5,24,12,1.714285714,1100,100.0614
4805,3,24,8,1.142857143,1100,61.974
4839,6,24,36,5.142857143,1100,283.2756
4874,4,24,12,1.714285714,1100,91.8138
4931,6,24,24,3.428571429,1100,66.5388
4945,4,24,12,1.714285714,1100,125.5896
4951,3,24,10,1.428571429,1100,43.9338
4954,2,24,16,2.285714286,1100,60.279
5004,1,24,6,0.857142857,1145,35.04
5020,1,24,12,1.714285714,1148,63.8106
5072,5,24,2,0.285714286,1150,102.7416
5110,4,24,16,2.285714286,1150,73.0608
5152,5,24,28,4,1155,184.281
5202,4,24,14,2,1163,61.0716
5220,5,24,4,0.571428571,1196,106.839
5296,3,24,16,2.285714286,1200,60.7014
5357,5,24,12,1.714285714,1200,118.4856
5359,5,24,12,1.714285714,1200,153.0948
5372,4,24,12,1.714285714,1200,113.7816
5406,6,24,8,1.142857143,1200,117.615
5462,5,24,6,0.857142857,1200,102.8244
5568,6,24,8,1.142857143,1200,125.5464
5685,4,24,20,2.857142857,1200,96.6942
5702,5,24,16,2.285714286,1200,195.8406
5710,2,24,16,2.285714286,1200,78.1602
5718,3,24,10,1.428571429,1200,75.9876
5758,5,24,12,1.714285714,1200,128.7654
5762,6,24,6,0.857142857,1200,250.7928
5809,5,24,16,2.285714286,1200,138.0072
5818,4,24,20,2.857142857,1200,109.5102
5836,6,24,8,1.142857143,1200,87.354
5838,3,24,4,0.571428571,1200,56.8356
5888,5,24,14,2,1200,107.073
5892,5,24,10,1.428571429,1200,128.706
5908,4,24,2,0.285714286,1200,107.4966
5931,4,24,2,0.285714286,1200,89.5452
5971,5,24,6,0.857142857,1200,75.3654
5982,1,24,8,1.142857143,1200,42.0726
6022,4,24,20,2.857142857,1200,138.2688
6052,5,24,20,2.857142857,1200,84.0438
6114,3,24,14,2,1200,144.6222
6115,2,24,20,2.857142857,1200,80.5332
6116,5,24,4,0.571428571,1200,77.3016
6119,3,24,16,2.285714286,1200,85.9872
6169,6,24,8,1.142857143,1200,71.1426
6172,1,24,18,2.571428571,1200,106.7454
6242,3,24,20,2.857142857,1200,76.5852
6258,6,24,2,0.285714286,1200,132.0744
6262,2,24,28,4,1200,66.8496
6326,4,24,12,1.714285714,1200,53.0424
6350,4,24,16,2.285714286,1200,113.1234
6378,4,24,4,0.571428571,1200,110.1738
6390,4,24,8,1.142857143,1250,109.6854
6420,6,24,20,2.857142857,1250,139.395
6458,2,24,4,0.571428571,1250,69.702
6466,4,24,12,1.714285714,1250,95.7972
6474,6,24,20,2.857142857,1250,132.6138
6489,4,24,10,1.428571429,1260,125.2404
6533,2,24,6,0.857142857,1260,94.8258
6557,4,24,6,0.857142857,1260,123.9822
6600,2,24,8,1.142857143,1260,110.0604
6655,6,24,12,1.714285714,1260,221.2356
6679,2,24,10,1.428571429,1260,39.0606
6740,4,24,6,0.857142857,1260,100.4238
6890,6,24,36,5.142857143,1260,120.63
7009,5,24,8,1.142857143,1260,104.1456
7093,5,24,6,0.857142857,1260,88.9284
7127,6,24,36,5.142857143,1260,129.5514
7156,6,24,14,2,1260,109.6536
7163,3,24,2,0.285714286,1260,42.7758
7171,4,24,8,1.142857143,1260,69.8718
7285,5,24,10,1.428571429,1260,130.5954
7290,5,24,6,0.857142857,1260,112.7994
7328,5,24,42,6,1260,164.9838
7391,6,24,20,2.857142857,1260,125.1288
7396,6,24,56,8,1260,169.5282
7402,4,24,8,1.142857143,1274,95.0334
7406,6,24,14,2,1300,237.2724
7415,7,24,20,2.857142857,1300,211.9686
7456,3,24,28,4,1300,193.3422
7481,2,24,24,3.428571429,1300,78.1326
7520,4,24,10,1.428571429,1300,130.4184
7561,3,24,8,1.142857143,1300,105.7434
7573,4,24,28,4,1300,211.7124
7631,6,24,4,0.571428571,1300,147.3534
7712,6,24,16,2.285714286,1300,126.087
7747,4,24,12,1.714285714,1300,136.0566
7757,4,24,6,0.857142857,1344,61.953
7809,4,24,20,2.857142857,1344,123.462
7887,2,24,36,5.142857143,1350,85.9146
7888,4,24,12,1.714285714,1350,120.1476
7906,2,24,4,0.571428571,1350,74.7108
7978,5,24,8,1.142857143,1400,98.5464
8051,2,24,8,1.142857143,1400,104.181
8052,3,24,12,1.714285714,1400,88.8864
8116,5,24,8,1.142857143,1400,108.8196
8167,4,24,16,2.285714286,1400,172.9176
8313,6,24,16,2.285714286,1400,143.9214
8322,4,24,28,4,1400,82.8864
8349,6,24,20,2.857142857,1400,184.2468
8456,3,24,42,6,1400,146.6124
8461,3,24,16,2.285714286,1400,55.0998
8475,6,24,4,0.571428571,1400,98.1078
8492,6,24,20,2.857142857,1400,112.038
8528,4,24,16,2.285714286,1400,136.0536
8681,6,24,10,1.428571429,1400,225.1656
8690,3,24,8,1.142857143,1440,69.1434
8707,5,24,10,1.428571429,1440,126.168
8727,3,24,30,4.285714286,1440,155.997
8730,4,24,4,0.571428571,1460,108.4764
8824,4,24,20,2.857142857,1460,184.2192
8834,5,24,10,1.428571429,1460,136.7712
8878,6,24,6,0.857142857,1460,128.7624
8898,5,24,14,2,1460,143.6286
8906,1,24,24,3.428571429,1460,37.263
9042,5,24,16,2.285714286,1460,157.7262
9049,3,24,8,1.142857143,1466,122.0148
9075,3,24,8,1.142857143,1500,128.4342
9086,5,24,4,0.571428571,1500,142.7994
9099,5,24,12,1.714285714,1500,149.3976
9141,6,24,2,0.285714286,1500,121.4622
9193,3,24,8,1.142857143,1500,121.5486
9199,5,24,12,1.714285714,1500,96.2958
9247,5,24,4,0.571428571,1500,117.6942
9255,6,24,14,2,1500,278.2188
149,5,25,6,0.857142857,1500,74.1174
154,5,25,20,2.857142857,1500,101.6796
181,2,25,10,1.428571429,1500,75.9642
182,5,25,12,1.714285714,1500,164.1114
187,2,25,8,1.142857143,1500,79.128
284,4,25,4,0.571428571,1500,107.4084
371,6,25,10,1.428571429,1500,262.611
439,3,25,20,2.857142857,1500,76.5426
508,6,25,4,0.571428571,1500,87.2346
545,5,25,10,1.428571429,1500,127.887
578,5,25,8,1.142857143,1500,99.8568
601,3,25,8,1.142857143,1500,133.6512
656,5,25,12,1.714285714,1500,138.1902
704,6,25,56,8,1500,160.971
872,5,25,28,4,1500,132.0822
875,5,25,4,0.571428571,1500,94.7148
905,3,25,8,1.142857143,1500,78.8676
953,7,25,42,6,1500,182.6208
1030,2,25,12,1.714285714,1500,105.8694
1031,2,25,10,1.428571429,1500,51.0624
1063,4,25,2,0.285714286,1500,90.867
1488,3,25,10,1.428571429,1500,75.2358
1604,1,25,24,3.428571429,1500,43.4706
1673,4,25,10,1.428571429,1500,76.3374
1688,3,25,10,1.428571429,1500,163.2084
1734,4,25,4,0.571428571,1500,104.9742
1807,4,25,10,1.428571429,1500,73.6464
1865,5,25,10,1.428571429,1500,125.532
1982,2,25,8,1.142857143,1500,57.2274
2023,5,25,2,0.285714286,1500,144.3894
2109,5,25,6,0.857142857,1500,135.474
2182,5,25,8,1.142857143,1500,109.023
2310,5,25,10,1.428571429,1500,106.2276
2396,3,25,4,0.571428571,1500,66.7788
2397,4,25,30,4.285714286,1500,93.9396
2405,5,25,6,0.857142857,1500,107.7252
2476,4,25,12,1.714285714,1560,95.754
2540,5,25,14,2,1600,112.9272
2624,5,25,8,1.142857143,1600,86.4678
2748,3,25,14,2,1600,104.1798
2794,5,25,4,0.571428571,1600,175.2924
2905,5,25,14,2,1600,88.4334
2960,5,25,20,2.857142857,1650,155.262
2963,5,25,12,1.714285714,1650,105.0456
2977,4,25,6,0.857142857,1700,91.7862
3033,3,25,8,1.142857143,1700,48.4512
3091,7,25,10,1.428571429,1700,178.8342
3122,3,25,4,0.571428571,1700,81.8118
3123,4,25,4,0.571428571,1782,66.3702
3135,1,25,4,0.571428571,1800,48.5838
3139,2,25,12,1.714285714,1800,42.8712
3146,1,25,8,1.142857143,1800,53.0832
3236,4,25,8,1.142857143,1800,105.6042
3237,1,25,16,2.285714286,1800,69.8094
3332,4,25,10,1.428571429,1800,108.7014
3415,5,25,10,1.428571429,1800,153.9948
3734,1,25,10,1.428571429,1800,30.1632
3743,4,25,28,4,1800,110.4102
3789,3,25,6,0.857142857,1800,87.1674
3835,4,25,10,1.428571429,1800,128.3382
4064,5,25,20,2.857142857,1800,95.5704
4065,5,25,4,0.571428571,1825,79.2852
4075,5,25,20,2.857142857,1850,95.5704
4135,6,25,6,0.857142857,1870,198.27
4157,1,25,12,1.714285714,1880,71.2314
4191,1,25,28,4,1940,60.507
4271,3,25,14,2,2000,61.4556
4323,5,25,20,2.857142857,2000,111.4686
4343,4,25,24,3.428571429,2000,96.6258
4393,5,25,24,3.428571429,2000,85.7976
4427,2,25,2,0.285714286,2000,56.4816
4499,2,25,24,3.428571429,2000,69.8448
4510,1,25,4,0.571428571,2000,43.2744
4587,2,25,8,1.142857143,2000,69.9618
4652,4,25,4,0.571428571,2000,68.5464
4687,3,25,10,1.428571429,2000,88.8012
4704,4,25,4,0.571428571,2000,94.1214
4769,6,25,20,2.857142857,2000,118.9902
4840,5,25,8,1.142857143,2000,135.39
4858,6,25,10,1.428571429,2000,147.3372
4864,2,25,10,1.428571429,2000,47.9364
4971,3,25,16,2.285714286,2000,47.358
5013,4,25,24,3.428571429,2000,140.673
5016,4,25,20,2.857142857,2000,104.4366
5031,5,25,8,1.142857143,2000,128.8782
5096,4,25,6,0.857142857,2000,70.9686
5118,6,25,10,1.428571429,2000,102.8304
5243,4,25,12,1.714285714,2000,106.1208
5438,5,25,12,1.714285714,2000,109.7556
5538,5,25,2,0.285714286,2000,160.9968
5563,6,25,10,1.428571429,2000,119.6682
5815,5,25,16,2.285714286,2000,66.5952
5821,5,25,16,2.285714286,2000,84.1908
5926,4,25,16,2.285714286,2000,57.7134
6011,4,25,8,1.142857143,2000,113.9784
6040,4,25,10,1.428571429,2000,214.2684
6100,4,25,4,0.571428571,2000,104.7372
6102,4,25,24,3.428571429,2000,66.417
6136,5,25,2,0.285714286,2000,98.1156
6303,5,25,10,1.428571429,2000,208.3938
6395,2,25,8,1.142857143,2000,70.5
6472,3,25,14,2,2000,50.6922
6478,3,25,10,1.428571429,2000,32.6112
6479,2,25,10,1.428571429,2000,71.1048
6481,3,25,6,0.857142857,2000,105.7092
6496,3,25,16,2.285714286,2000,56.9742
6503,4,25,2,0.285714286,2000,145.4652
6514,4,25,16,2.285714286,2000,113.2794
6522,3,25,10,1.428571429,2000,158.3064
6549,5,25,10,1.428571429,2000,80.7942
6554,4,25,28,4,2000,186.4248
6605,2,25,4,0.571428571,2000,50.781
6606,5,25,24,3.428571429,2016,130.8156
6666,5,25,16,2.285714286,2100,161.4504
6794,5,25,8,1.142857143,2100,133.4052
6852,4,25,6,0.857142857,2160,108.1866
6876,5,25,12,1.714285714,2190,101.844
6894,4,25,16,2.285714286,2200,124.623
6908,3,25,12,1.714285714,2200,80.4594
6918,6,25,24,3.428571429,2200,136.3062
6998,4,25,4,0.571428571,2200,104.6796
7049,2,25,16,2.285714286,2200,51.6324
7074,5,25,20,2.857142857,2200,86.118
7082,5,25,42,6,2250,216.1602
7090,3,25,8,1.142857143,2300,81.5616
7170,3,25,6,0.857142857,2300,78.993
7182,1,25,4,0.571428571,2400,31.569
7188,5,25,36,5.142857143,2400,159.5184
7217,4,25,10,1.428571429,2400,98.2818
7376,2,25,4,0.571428571,2400,119.1336
7381,4,25,16,2.285714286,2400,175.0602
7394,4,25,24,3.428571429,2400,106.3242
7444,4,25,10,1.428571429,2500,119.9988
7465,3,25,4,0.571428571,2500,105.0876
7530,5,25,8,1.142857143,2500,159.4872
7548,1,25,10,1.428571429,2500,46.599
7628,5,25,12,1.714285714,2500,88.0242
7714,5,25,2,0.285714286,2500,134.8398
7720,5,25,24,3.428571429,2500,152.7906
7805,4,25,2,0.285714286,2500,82.203
7844,6,25,28,4,2500,184.2786
7847,3,25,10,1.428571429,2500,124.8396
7909,2,25,4,0.571428571,2500,37.5
7921,4,25,8,1.142857143,2520,74.6772
7955,3,25,4,0.571428571,2520,64.6458
8002,6,25,20,2.857142857,2671,149.1078
8079,3,25,20,2.857142857,2700,70.1022
8096,4,25,8,1.142857143,2700,113.7078
8098,5,25,16,2.285714286,2708,87.3978
8104,4,25,20,2.857142857,2800,156.9996
8207,4,25,24,3.428571429,2920,101.349
8276,4,25,20,2.857142857,3000,60.513
8391,6,25,4,0.571428571,3000,74.469
8496,4,25,2,0.285714286,3000,96.4332
8504,6,25,16,2.285714286,3257,150.3102
8520,3,25,16,2.285714286,4000,78.147
8712,6,25,28,4,4000,91.4784
8719,4,25,8,1.142857143,4000,58.6932
8805,5,25,12,1.714285714,5000,123.7056
8884,6,25,10,1.428571429,5000,216.7734
8885,5,25,20,2.857142857,5000,78.3246
8896,4,25,36,5.142857143,6000,72.3816
8910,4,25,6,0.857142857,9000,118.9668
